Question 1,Question 2,Question 3,Question 4,Lap ID,FPS,Resolution Scale,Latency,FPS Variance,Device Type,Device Model,Device UID,Operating System,Processor,Survey Code,Timestamp (UTC)
3,4,4,3,5,30,80,5,15,Desktop,Chrome 88,n/a,Windows 10,n/a,,
3,4,4,3,2,30,80,0,15,Desktop,Chrome 88,n/a,Windows 10,n/a,,
2,4,1,2,15,60,80,15,0,Desktop,Chrome 88,n/a,Windows 10,n/a,,
2,4,1,1,13,60,80,5,5,Desktop,Chrome 88,n/a,Windows 10,n/a,,
2,4,2,3,2,30,80,0,15,Desktop,Chrome 88,n/a,Windows 10,n/a,,
4,5,1,3,6,30,80,15,0,Desktop,Chrome 88,n/a,Windows 10,n/a,,
1,3,1,2,7,30,80,15,5,Desktop,Chrome 88,n/a,Windows 10,n/a,,
5,4,4,4,13,60,80,5,5,Desktop,Chrome 88,n/a,Windows 10,n/a,,
3,4,2,4,4,30,80,5,5,Desktop,Chrome 88,n/a,Windows 10,n/a,,
3,4,4,4,3,30,80,5,0,Desktop,Chrome 88,n/a,Windows 10,n/a,,
1,2,1,1,16,60,80,15,5,Desktop,Chrome 88,n/a,Windows 10,n/a,,
3,4,3,3,6,30,80,15,0,Desktop,Chrome 88,n/a,Windows 10,n/a,,
1,3,1,1,10,60,80,0,5,Desktop,Chrome 88,n/a,Windows 10,n/a,,
5,4,5,5,10,60,80,0,5,Desktop,Chrome 88,n/a,Windows 10,n/a,,
2,5,4,3,11,60,80,0,15,Desktop,Chrome 88,n/a,Windows 10,n/a,,
4,4,2,2,7,30,80,15,5,Desktop,Chrome 88,n/a,Windows 10,n/a,,
4,4,5,4,5,30,80,5,15,Desktop,Chrome 88,n/a,Windows 10,n/a,,
5,4,5,5,12,60,80,5,0,Desktop,Chrome 88,n/a,Windows 10,n/a,,
5,4,5,5,11,60,80,0,15,Desktop,Chrome 88,n/a,Windows 10,n/a,,
5,4,5,5,9,60,80,0,0,Desktop,Chrome 88,n/a,Windows 10,n/a,,
4,4,4,4,4,30,80,5,5,Desktop,Chrome 88,n/a,Windows 10,n/a,,
3,4,2,2,15,60,80,15,0,Desktop,Chrome 88,n/a,Windows 10,n/a,,
3,4,4,4,1,30,80,0,5,Desktop,Chrome 88,n/a,Windows 10,n/a,,
4,3,3,3,6,30,80,15,0,Desktop,Chrome 89,n/a,Windows 10,n/a,,
4,4,2,3,8,30,80,15,15,Desktop,Chrome 88,n/a,Windows 10,n/a,,
4,4,5,4,14,60,80,5,15,Desktop,Chrome 88,n/a,Windows 10,n/a,,
3,4,5,4,0,30,80,0,0,Desktop,Chrome 88,n/a,Windows 10,n/a,,
4,4,2,3,16,60,80,15,5,Desktop,Chrome 88,n/a,Windows 10,n/a,,
2,4,4,3,2,30,80,0,15,Desktop,Chrome 88,n/a,Windows 10,n/a,,
4,4,4,4,0,30,80,0,0,Desktop,Chrome 88,n/a,Windows 10,n/a,,
5,4,5,5,0,30,80,0,0,Desktop,Chrome 88,n/a,Windows 10,n/a,,
3,4,4,3,0,30,80,0,0,Desktop,Chrome 88,n/a,Windows 10,n/a,,
4,4,4,4,0,30,80,0,0,Desktop,Chrome 88,n/a,Windows 10,n/a,,
1,3,2,1,9,60,80,0,0,Desktop,Chrome 89,n/a,Windows 10,n/a,,
2,4,2,3,2,30,80,0,15,Desktop,Chrome 89,n/a,Windows 10,n/a,,
2,3,2,2,1,30,80,0,5,Desktop,Chrome 89,n/a,Windows 10,n/a,,
3,4,2,3,16,60,80,15,5,Desktop,Chrome 89,n/a,Windows 10,n/a,,
2,3,1,2,16,60,80,15,5,Desktop,Chrome 89,n/a,Mac OS X 10_15_5,n/a,,
1,2,2,2,5,30,80,5,15,Desktop,Chrome 88,n/a,Windows 10,n/a,,
3,5,5,4,4,30,80,5,5,Desktop,Chrome 89,n/a,Windows 10,n/a,,"Sun, 21 Mar 2021 20:55:17 GMT"
2,3,1,2,0,30,80,0,0,Desktop,Chrome 89,n/a,Windows 10,n/a,,"Sun, 21 Mar 2021 20:56:41 GMT"
2,3,2,2,5,30,80,5,15,Desktop,Chrome 89,n/a,Windows 10,n/a,,"Sun, 21 Mar 2021 20:58:21 GMT"
2,3,2,3,1,30,80,0,5,Desktop,Chrome 89,n/a,Windows 10,n/a,,"Sun, 21 Mar 2021 21:02:46 GMT"
2,4,3,3,15,60,80,15,0,Desktop,Chrome 89,n/a,Windows 10,n/a,,"Sun, 21 Mar 2021 21:05:04 GMT"
2,3,2,3,2,30,80,0,15,Desktop,Chrome 89,n/a,Windows 10,n/a,,"Sun, 21 Mar 2021 21:08:38 GMT"
1,3,2,1,2,30,80,0,15,Desktop,Chrome 89,n/a,Windows 10,n/a,,"Sun, 21 Mar 2021 23:01:13 GMT"
2,3,1,1,7,30,80,15,5,Desktop,Chrome 89,n/a,Windows 10,n/a,,"Sun, 21 Mar 2021 23:02:09 GMT"
1,3,2,2,18,30,40,0,0,Desktop,Chrome 89,n/a,Windows 10,n/a,,"Sun, 21 Mar 2021 23:03:26 GMT"
3,3,3,4,14,60,80,5,15,Desktop,Chrome 89,n/a,Windows 10,n/a,,"Sun, 21 Mar 2021 23:03:57 GMT"
1,3,1,1,8,30,80,15,15,Desktop,Chrome 89,n/a,Windows 10,n/a,,"Sun, 21 Mar 2021 23:04:23 GMT"
2,3,1,2,13,60,80,5,5,Desktop,Chrome 89,n/a,Windows 10,n/a,,"Sun, 21 Mar 2021 23:04:53 GMT"
2,3,3,2,11,60,80,0,15,Desktop,Chrome 89,n/a,Windows 10,n/a,,"Sun, 21 Mar 2021 23:05:27 GMT"
3,3,3,3,9,60,80,0,0,Desktop,Chrome 89,n/a,Windows 10,n/a,,"Sun, 21 Mar 2021 23:05:53 GMT"
3,3,1,2,17,60,80,15,15,Desktop,Chrome 89,n/a,Windows 10,n/a,,"Sun, 21 Mar 2021 23:06:20 GMT"
2,3,2,2,15,60,80,15,0,Desktop,Chrome 89,n/a,Windows 10,n/a,,"Sun, 21 Mar 2021 23:07:11 GMT"
1,3,3,2,5,30,80,5,15,Desktop,Chrome 89,n/a,Windows 10,n/a,,"Sun, 21 Mar 2021 23:07:39 GMT"
4,3,1,2,16,60,80,15,5,Desktop,Chrome 89,n/a,Windows 10,n/a,,"Sun, 21 Mar 2021 23:08:08 GMT"
2,3,4,3,1,30,80,0,5,Desktop,Chrome 89,n/a,Windows 10,n/a,,"Sun, 21 Mar 2021 23:08:39 GMT"
2,3,3,2,3,30,80,5,0,Desktop,Chrome 89,n/a,Windows 10,n/a,,"Sun, 21 Mar 2021 23:09:15 GMT"
2,3,2,2,0,30,80,0,0,Desktop,Chrome 89,n/a,Windows 10,n/a,,"Sun, 21 Mar 2021 23:10:19 GMT"
4,3,4,4,12,60,80,5,0,Desktop,Chrome 89,n/a,Windows 10,n/a,,"Sun, 21 Mar 2021 23:10:46 GMT"
4,3,4,4,19,30,120,0,0,Desktop,Chrome 89,n/a,Windows 10,n/a,,"Sun, 21 Mar 2021 23:11:09 GMT"
2,3,2,2,6,30,80,15,0,Desktop,Chrome 89,n/a,Windows 10,n/a,,"Sun, 21 Mar 2021 23:11:36 GMT"
2,3,3,2,4,30,80,5,5,Desktop,Chrome 89,n/a,Windows 10,n/a,,"Sun, 21 Mar 2021 23:12:06 GMT"
3,3,2,3,10,60,80,0,5,Desktop,Chrome 89,n/a,Windows 10,n/a,,"Sun, 21 Mar 2021 23:12:38 GMT"
3,3,3,3,0,30,80,0,0,Desktop,Chrome 89,n/a,Windows 10,n/a,,"Sun, 21 Mar 2021 23:15:33 GMT"
2,3,3,2,0,30,80,0,0,Desktop,Chrome 89,n/a,Windows 10,n/a,,"Sun, 21 Mar 2021 23:16:02 GMT"
2,3,3,3,0,30,80,0,0,Desktop,Chrome 89,n/a,Windows 10,n/a,,"Sun, 21 Mar 2021 23:16:31 GMT"
2,3,3,3,0,30,80,0,0,Desktop,Chrome 89,n/a,Windows 10,n/a,,"Sun, 21 Mar 2021 23:17:02 GMT"
2,3,3,2,0,30,80,0,0,Desktop,Chrome 89,n/a,Windows 10,n/a,,"Sun, 21 Mar 2021 23:18:43 GMT"
3,3,3,3,0,30,80,0,0,Desktop,Chrome 89,n/a,Windows 10,n/a,,"Sun, 21 Mar 2021 23:19:14 GMT"
2,3,3,3,0,30,80,0,0,Desktop,Chrome 89,n/a,Windows 10,n/a,,"Sun, 21 Mar 2021 23:21:38 GMT"
4,3,3,3,0,30,80,0,0,Desktop,Chrome 89,n/a,Windows 10,n/a,,"Sun, 21 Mar 2021 23:22:06 GMT"
2,3,3,2,0,30,80,0,0,Desktop,Chrome 89,n/a,Windows 10,n/a,,"Sun, 21 Mar 2021 23:23:57 GMT"
2,3,3,3,0,30,80,0,0,Desktop,Chrome 89,n/a,Windows 10,n/a,,"Sun, 21 Mar 2021 23:24:26 GMT"
1,4,1,2,6,30,80,15,0,Desktop,Chrome 89,n/a,Windows 10,n/a,,"Mon, 22 Mar 2021 03:09:39 GMT"
2,4,1,2,2,30,80,0,15,Desktop,Chrome 89,n/a,Windows 10,n/a,,"Mon, 22 Mar 2021 03:12:03 GMT"
3,5,4,4,4,30,80,5,5,Desktop,Chrome 89,n/a,Windows 10,n/a,,"Mon, 22 Mar 2021 03:13:48 GMT"
4,4,4,4,11,60,80,0,15,Desktop,Chrome 89,n/a,Windows 10,n/a,,"Mon, 22 Mar 2021 03:15:26 GMT"
4,4,3,3,5,30,80,5,15,Desktop,Chrome 89,n/a,Windows 10,n/a,,"Mon, 22 Mar 2021 03:17:08 GMT"
1,2,3,4,0,30,80,0,0,Desktop,XPS 15 9560 (Dell Inc.),ccac9074c4f9f038c35bef37bc88f787f79ef149,Windows 10  (10.0.0) 64bit,Intel(R) Core(TM) i7-7700HQ CPU @ 2.80GHz,293864838,"Mon, 22 Mar 2021 20:47:41 GMT"
3,4,3,3,7,30,80,15,5,Desktop,Chrome 89,n/a,Windows 10,n/a,21040299,"Tue, 23 Mar 2021 01:11:19 GMT"
5,4,5,4,19,30,120,0,0,Desktop,Chrome 89,n/a,Windows 10,n/a,21040299,"Tue, 23 Mar 2021 01:13:22 GMT"
1,1,1,1,4,30,80,5,5,Desktop,Chrome 89,n/a,Windows 10,n/a,546400417,"Wed, 24 Mar 2021 17:33:47 GMT"
3,3,4,3,0,30,80,0,0,Desktop,Chrome 89,n/a,Windows 10,n/a,1923618467,"Wed, 24 Mar 2021 20:53:10 GMT"
3,5,3,4,3,30,80,5,0,Desktop,Chrome 88,n/a,Mac OS X 10_1_0,n/a,1714792305,"Wed, 24 Mar 2021 20:58:17 GMT"
5,5,4,4,7,30,80,15,5,Desktop,Chrome 89,n/a,Windows 10,n/a,1763561338,"Wed, 24 Mar 2021 20:59:32 GMT"
4,5,4,5,12,60,80,5,0,Desktop,Chrome 88,n/a,Mac OS X 10_1_0,n/a,1714792305,"Wed, 24 Mar 2021 20:59:51 GMT"
3,5,5,4,13,60,80,5,5,Desktop,Chrome 89,n/a,Windows 10,n/a,1763561338,"Wed, 24 Mar 2021 21:01:15 GMT"
5,5,5,5,0,30,80,0,0,Desktop,Chrome 89,n/a,Windows 10,n/a,1763561338,"Wed, 24 Mar 2021 21:03:01 GMT"
3,5,5,4,1,30,80,0,5,Desktop,Chrome 89,n/a,Windows 10,n/a,1763561338,"Wed, 24 Mar 2021 21:04:32 GMT"
5,5,5,5,18,30,40,0,0,Desktop,Chrome 89,n/a,Windows 10,n/a,1763561338,"Wed, 24 Mar 2021 21:05:51 GMT"
2,3,1,2,6,30,80,15,0,Desktop,Chrome 89,n/a,Windows 10,n/a,1763561338,"Wed, 24 Mar 2021 21:07:26 GMT"
1,2,3,3,15,60,80,15,0,Desktop,Chrome 89,n/a,Windows 10,n/a,1763561338,"Wed, 24 Mar 2021 21:08:56 GMT"
1,4,1,2,4,30,80,5,5,Desktop,Chrome 89,n/a,Windows 10,n/a,369201800,"Wed, 24 Mar 2021 21:50:59 GMT"
3,5,5,4,18,30,40,0,0,Desktop,Chrome 89,n/a,Windows 10,n/a,1157083318,"Thu, 25 Mar 2021 06:35:09 GMT"
2,5,4,2,19,30,120,0,0,Desktop,Chrome 89,n/a,Windows 10,n/a,504525748,"Thu, 25 Mar 2021 20:17:42 GMT"
1,1,1,2,8,30,80,15,15,Desktop,Chrome 89,n/a,Windows 10,n/a,56495037,"Thu, 25 Mar 2021 21:52:08 GMT"
4,2,4,4,14,60,80,5,15,Desktop,Chrome 89,n/a,Windows 10,n/a,56495037,"Thu, 25 Mar 2021 21:53:38 GMT"
3,1,4,3,13,60,80,5,5,Desktop,Chrome 89,n/a,Windows 10,n/a,56495037,"Thu, 25 Mar 2021 21:55:09 GMT"
3,1,3,3,7,30,80,15,5,Desktop,Chrome 89,n/a,Windows 10,n/a,56495037,"Thu, 25 Mar 2021 21:56:43 GMT"
2,1,3,2,19,30,120,0,0,Desktop,Chrome 89,n/a,Windows 10,n/a,56495037,"Thu, 25 Mar 2021 21:58:15 GMT"
3,1,3,2,4,30,80,5,5,Desktop,Chrome 89,n/a,Windows 10,n/a,56495037,"Thu, 25 Mar 2021 21:59:39 GMT"
2,1,2,2,12,60,80,5,0,Desktop,Chrome 89,n/a,Windows 10,n/a,56495037,"Thu, 25 Mar 2021 22:01:12 GMT"
2,1,2,2,1,30,80,0,5,Desktop,Chrome 89,n/a,Windows 10,n/a,56495037,"Thu, 25 Mar 2021 22:03:41 GMT"
2,1,2,2,0,30,80,0,0,Desktop,Chrome 89,n/a,Windows 10,n/a,56495037,"Thu, 25 Mar 2021 22:05:27 GMT"
2,1,2,2,11,60,80,0,15,Desktop,Chrome 89,n/a,Windows 10,n/a,56495037,"Thu, 25 Mar 2021 22:07:32 GMT"
2,1,2,2,10,60,80,0,5,Desktop,Chrome 89,n/a,Windows 10,n/a,56495037,"Thu, 25 Mar 2021 22:08:59 GMT"
2,5,4,4,13,60,80,5,5,Desktop,Chrome 89,n/a,Windows 10,n/a,1356553175,"Fri, 26 Mar 2021 22:24:16 GMT"
2,3,4,3,9,60,80,0,0,Desktop,Chrome 89,n/a,Mac OS X 10_2_3,n/a,194203530,"Mon, 29 Mar 2021 07:00:57 GMT"
4,4,5,5,14,60,80,5,15,Desktop,Chrome 89,n/a,Windows 10,n/a,165074301,"Mon, 29 Mar 2021 17:32:36 GMT"
2,5,2,3,14,60,80,5,15,Desktop,Chrome 89,n/a,Windows 10,n/a,748465335,"Mon, 29 Mar 2021 18:43:03 GMT"
1,5,1,1,6,30,80,15,0,Desktop,Firefox 87,n/a,Windows 10,n/a,994658670,"Mon, 29 Mar 2021 18:53:37 GMT"
4,5,5,5,3,30,80,5,0,Desktop,Chrome 89,n/a,Windows 10,n/a,1145170650,"Mon, 29 Mar 2021 18:58:31 GMT"
5,5,5,5,14,60,80,5,15,Desktop,Chrome 89,n/a,Windows 10,n/a,1145170650,"Mon, 29 Mar 2021 19:05:55 GMT"
4,5,4,5,2,30,80,0,15,Desktop,Chrome 89,n/a,Windows 10,n/a,1145170650,"Mon, 29 Mar 2021 19:08:04 GMT"
2,4,3,4,7,30,80,15,5,Desktop,Chrome 89,n/a,Windows 10,n/a,2089679141,"Mon, 29 Mar 2021 19:35:19 GMT"
2,5,2,4,12,60,80,5,0,Desktop,Chrome 89,n/a,Windows 10,n/a,1790417470,"Mon, 29 Mar 2021 21:16:37 GMT"
3,4,4,4,18,30,40,0,0,Desktop,Chrome 89,n/a,Windows 10,n/a,1780644779,"Mon, 29 Mar 2021 21:21:10 GMT"
3,4,3,4,13,60,80,5,5,Desktop,Chrome 89,n/a,Windows 10,n/a,1395549517,"Mon, 29 Mar 2021 23:19:46 GMT"
3,4,3,3,2,30,80,0,15,Desktop,Chrome 89,n/a,Windows 10,n/a,1230340964,"Tue, 30 Mar 2021 00:20:05 GMT"
4,4,4,4,1,30,80,0,5,Desktop,Chrome 89,n/a,Windows 10,n/a,1230340964,"Tue, 30 Mar 2021 00:21:27 GMT"
4,4,4,4,11,60,80,0,15,Desktop,Chrome 89,n/a,Windows 10,n/a,1230340964,"Tue, 30 Mar 2021 00:23:36 GMT"
3,4,3,4,14,60,80,5,15,Desktop,Chrome 89,n/a,Windows 10,n/a,1230340964,"Tue, 30 Mar 2021 00:24:56 GMT"
2,4,2,2,8,30,80,15,15,Desktop,Chrome 89,n/a,Windows 10,n/a,1230340964,"Tue, 30 Mar 2021 00:26:25 GMT"
3,4,4,4,19,30,120,0,0,Desktop,Chrome 89,n/a,Windows 10,n/a,1230340964,"Tue, 30 Mar 2021 00:27:42 GMT"
3,4,4,4,9,60,80,0,0,Desktop,Chrome 89,n/a,Windows 10,n/a,1230340964,"Tue, 30 Mar 2021 00:29:06 GMT"
3,4,3,4,12,60,80,5,0,Desktop,Chrome 89,n/a,Windows 10,n/a,1230340964,"Tue, 30 Mar 2021 00:30:59 GMT"
2,4,1,1,6,30,80,15,0,Desktop,Chrome 89,n/a,Windows 10,n/a,1230340964,"Tue, 30 Mar 2021 00:42:06 GMT"
2,4,2,2,16,60,80,15,5,Desktop,Chrome 89,n/a,Windows 10,n/a,1230340964,"Tue, 30 Mar 2021 00:44:30 GMT"
3,4,3,3,10,60,80,0,5,Desktop,Chrome 89,n/a,Windows 10,n/a,1230340964,"Tue, 30 Mar 2021 00:45:47 GMT"
2,4,1,1,15,60,80,15,0,Desktop,Chrome 89,n/a,Windows 10,n/a,1230340964,"Tue, 30 Mar 2021 00:48:29 GMT"
1,4,2,2,5,30,80,5,15,Desktop,Chrome 89,n/a,Windows 10,n/a,1230340964,"Tue, 30 Mar 2021 00:49:46 GMT"
4,4,1,3,17,60,80,15,15,Desktop,Chrome 89,n/a,Windows 10,n/a,1230340964,"Tue, 30 Mar 2021 00:51:14 GMT"
4,4,3,4,18,30,40,0,0,Desktop,Chrome 89,n/a,Windows 10,n/a,1230340964,"Tue, 30 Mar 2021 00:52:35 GMT"
3,4,4,4,4,30,80,5,5,Desktop,Chrome 89,n/a,Windows 10,n/a,1230340964,"Tue, 30 Mar 2021 00:53:48 GMT"
4,3,4,4,13,60,80,5,5,Desktop,Chrome 89,n/a,Windows 10,n/a,1230340964,"Tue, 30 Mar 2021 00:55:08 GMT"
3,4,3,3,0,30,80,0,0,Desktop,Chrome 89,n/a,Windows 10,n/a,1230340964,"Tue, 30 Mar 2021 00:56:22 GMT"
3,4,2,4,7,30,80,15,5,Desktop,Chrome 89,n/a,Windows 10,n/a,1230340964,"Tue, 30 Mar 2021 00:58:17 GMT"
3,4,3,3,3,30,80,5,0,Desktop,Chrome 89,n/a,Windows 10,n/a,1230340964,"Tue, 30 Mar 2021 01:00:30 GMT"
1,5,2,2,18,30,40,0,0,Desktop,Chrome 89,n/a,Windows 10,n/a,559847832,"Tue, 30 Mar 2021 02:47:05 GMT"
2,5,3,2,2,30,80,0,15,Desktop,Chrome 89,n/a,Windows 10,n/a,559847832,"Tue, 30 Mar 2021 02:49:39 GMT"
2,5,2,2,13,60,80,5,5,Desktop,Chrome 89,n/a,Windows 10,n/a,559847832,"Tue, 30 Mar 2021 02:51:27 GMT"
1,5,2,2,0,30,80,0,0,Desktop,Chrome 89,n/a,Windows 10,n/a,559847832,"Tue, 30 Mar 2021 02:54:29 GMT"
2,5,2,2,14,60,80,5,15,Desktop,Chrome 89,n/a,Windows 10,n/a,559847832,"Tue, 30 Mar 2021 02:57:17 GMT"
1,2,2,2,3,30,80,5,0,Desktop,Chrome 89,n/a,Windows 10,n/a,559847832,"Tue, 30 Mar 2021 02:58:14 GMT"
2,5,2,2,11,60,80,0,15,Desktop,Chrome 89,n/a,Windows 10,n/a,559847832,"Tue, 30 Mar 2021 02:59:53 GMT"
2,5,2,2,16,60,80,15,5,Desktop,Chrome 89,n/a,Windows 10,n/a,559847832,"Tue, 30 Mar 2021 03:00:44 GMT"
2,5,2,2,12,60,80,5,0,Desktop,Chrome 89,n/a,Windows 10,n/a,559847832,"Tue, 30 Mar 2021 03:02:22 GMT"
1,4,2,3,8,30,80,15,15,Desktop,Firefox 86,n/a,Mac OS X 10.15,n/a,1533768818,"Tue, 30 Mar 2021 18:24:42 GMT"
2,4,2,3,18,30,40,0,0,Desktop,Firefox 86,n/a,Mac OS X 10.15,n/a,1533768818,"Tue, 30 Mar 2021 18:26:33 GMT"
3,4,2,4,15,60,80,15,0,Desktop,Firefox 86,n/a,Mac OS X 10.15,n/a,1533768818,"Tue, 30 Mar 2021 18:28:11 GMT"
1,4,1,3,5,30,80,5,15,Desktop,Firefox 86,n/a,Mac OS X 10.15,n/a,1533768818,"Tue, 30 Mar 2021 18:30:11 GMT"
2,4,3,4,12,60,80,5,0,Desktop,Firefox 86,n/a,Mac OS X 10.15,n/a,1533768818,"Tue, 30 Mar 2021 18:31:54 GMT"
2,5,1,2,15,60,80,15,0,Desktop,Chrome 89,n/a,Windows 10,n/a,1845417590,"Wed, 31 Mar 2021 00:02:02 GMT"
4,5,2,5,3,30,80,5,0,Desktop,Chrome 89,n/a,Windows 10,n/a,1098977329,"Wed, 31 Mar 2021 00:32:05 GMT"
2,4,1,2,15,60,80,15,0,Desktop,Chrome 89,n/a,Mac OS X 10_2_3,n/a,830529780,"Wed, 31 Mar 2021 01:08:20 GMT"
4,4,1,2,16,60,80,15,5,Desktop,Chrome 89,n/a,Mac OS X 10_2_3,n/a,830529780,"Wed, 31 Mar 2021 01:09:40 GMT"
1,3,1,1,15,60,80,15,0,Desktop,Chrome 89,n/a,Windows 10,n/a,118312125,"Fri, 02 Apr 2021 02:32:15 GMT"
3,4,2,3,2,30,80,0,15,Desktop,Chrome 89,n/a,Windows 10,n/a,1276420514,"Fri, 02 Apr 2021 21:10:14 GMT"
1,3,2,2,2,30,80,0,15,Desktop,Chrome 89,n/a,Mac OS X 10_13_6,n/a,2059034514,"Fri, 02 Apr 2021 21:26:32 GMT"
1,1,1,1,4,30,80,5,5,Desktop,Chrome 89,n/a,Mac OS X 10_13_6,n/a,240036189,"Fri, 02 Apr 2021 21:32:01 GMT"
2,3,3,3,2,30,80,0,15,Desktop,Chrome 89,n/a,Mac OS X 10_13_6,n/a,240036189,"Fri, 02 Apr 2021 21:33:41 GMT"
4,4,4,4,0,30,80,0,0,Desktop,Chrome 88,n/a,Mac OS X 10_2_0,n/a,1067594352,"Fri, 02 Apr 2021 21:34:19 GMT"
2,3,3,3,12,60,80,5,0,Desktop,Chrome 89,n/a,Mac OS X 10_13_6,n/a,240036189,"Fri, 02 Apr 2021 21:35:10 GMT"
2,4,2,3,11,60,80,0,15,Desktop,Chrome 89,n/a,Mac OS X 10_13_6,n/a,240036189,"Fri, 02 Apr 2021 21:36:39 GMT"
2,4,4,4,19,30,120,0,0,Desktop,Chrome 89,n/a,Mac OS X 10_13_6,n/a,240036189,"Fri, 02 Apr 2021 21:37:58 GMT"
2,4,2,3,14,60,80,5,15,Desktop,Chrome 89,n/a,Mac OS X 10_13_6,n/a,240036189,"Fri, 02 Apr 2021 21:39:28 GMT"
2,4,2,3,10,60,80,0,5,Desktop,Chrome 89,n/a,Mac OS X 10_13_6,n/a,240036189,"Fri, 02 Apr 2021 21:40:55 GMT"
1,2,1,2,5,30,80,5,15,Desktop,Chrome 89,n/a,Mac OS X 10_13_6,n/a,240036189,"Fri, 02 Apr 2021 21:42:25 GMT"
1,1,1,1,8,30,80,15,15,Desktop,Chrome 89,n/a,Mac OS X 10_13_6,n/a,240036189,"Fri, 02 Apr 2021 21:44:48 GMT"
1,1,1,1,17,60,80,15,15,Desktop,Chrome 89,n/a,Mac OS X 10_13_6,n/a,240036189,"Fri, 02 Apr 2021 21:46:03 GMT"
3,4,1,3,7,30,80,15,5,Desktop,Chrome 89,n/a,Mac OS X 10_13_6,n/a,240036189,"Fri, 02 Apr 2021 21:46:51 GMT"
2,4,1,3,18,30,40,0,0,Desktop,Chrome 89,n/a,Mac OS X 10_13_6,n/a,240036189,"Fri, 02 Apr 2021 21:47:21 GMT"
1,4,1,2,6,30,80,15,0,Desktop,Chrome 89,n/a,Mac OS X 10_13_6,n/a,240036189,"Fri, 02 Apr 2021 21:47:53 GMT"
3,4,4,4,0,30,80,0,0,Desktop,Chrome 89,n/a,Mac OS X 10_13_6,n/a,240036189,"Fri, 02 Apr 2021 21:49:16 GMT"
3,4,4,4,1,30,80,0,5,Desktop,Chrome 89,n/a,Mac OS X 10_13_6,n/a,240036189,"Fri, 02 Apr 2021 21:51:10 GMT"
3,4,3,4,13,60,80,5,5,Desktop,Chrome 89,n/a,Mac OS X 10_13_6,n/a,240036189,"Fri, 02 Apr 2021 21:53:06 GMT"
1,4,4,3,2,30,80,0,15,Desktop,Chrome 88,n/a,Mac OS X 10_15_7,n/a,656722621,"Fri, 02 Apr 2021 21:55:28 GMT"
2,4,4,3,13,60,80,5,5,Desktop,Chrome 88,n/a,Mac OS X 10_15_7,n/a,656722621,"Fri, 02 Apr 2021 21:57:21 GMT"
3,4,3,3,6,30,80,15,0,Desktop,Chrome 88,n/a,Mac OS X 10_15_7,n/a,656722621,"Fri, 02 Apr 2021 21:59:01 GMT"
1,4,3,3,3,30,80,5,0,Desktop,Chrome 88,n/a,Mac OS X 10_15_7,n/a,656722621,"Fri, 02 Apr 2021 22:01:45 GMT"
5,5,5,5,5,30,80,5,15,Desktop,Chrome 88,n/a,Mac OS X 10_15_7,n/a,656722621,"Fri, 02 Apr 2021 22:03:45 GMT"
5,5,5,5,12,60,80,5,0,Desktop,Chrome 88,n/a,Mac OS X 10_15_7,n/a,656722621,"Fri, 02 Apr 2021 22:05:02 GMT"
2,3,3,3,16,60,80,15,5,Desktop,Chrome 89,n/a,Mac OS X 10_13_6,n/a,240036189,"Fri, 02 Apr 2021 22:22:25 GMT"
4,4,4,4,3,30,80,5,0,Desktop,Chrome 89,n/a,Mac OS X 10_13_6,n/a,240036189,"Fri, 02 Apr 2021 22:23:13 GMT"
3,4,3,3,15,60,80,15,0,Desktop,Chrome 89,n/a,Mac OS X 10_13_6,n/a,240036189,"Fri, 02 Apr 2021 22:23:39 GMT"
3,3,2,3,9,60,80,0,0,Desktop,Chrome 89,n/a,Mac OS X 10_13_6,n/a,240036189,"Fri, 02 Apr 2021 22:24:22 GMT"
4,5,5,5,9,60,80,0,0,Desktop,Chrome 88,n/a,Mac OS X 10_15_7,n/a,656722621,"Fri, 02 Apr 2021 22:36:58 GMT"
4,5,3,4,15,60,80,15,0,Desktop,Chrome 88,n/a,Mac OS X 10_15_7,n/a,656722621,"Fri, 02 Apr 2021 22:39:25 GMT"
3,4,4,3,6,30,80,15,0,Desktop,Chrome 89,n/a,Mac OS X 10_14_5,n/a,715358767,"Sat, 03 Apr 2021 04:46:12 GMT"
4,4,4,4,11,60,80,0,15,Desktop,Chrome 89,n/a,Mac OS X 10_14_5,n/a,715358767,"Sat, 03 Apr 2021 04:48:29 GMT"
4,4,4,4,2,30,80,0,15,Desktop,Chrome 89,n/a,Mac OS X 10_14_5,n/a,715358767,"Sat, 03 Apr 2021 04:51:14 GMT"
4,4,4,4,1,30,80,0,5,Desktop,Chrome 89,n/a,Mac OS X 10_14_5,n/a,715358767,"Sat, 03 Apr 2021 04:53:26 GMT"
4,4,4,4,10,60,80,0,5,Desktop,Chrome 89,n/a,Mac OS X 10_14_5,n/a,715358767,"Sat, 03 Apr 2021 04:54:49 GMT"
3,4,4,4,19,30,120,0,0,Desktop,Chrome 89,n/a,Mac OS X 10_14_5,n/a,715358767,"Sat, 03 Apr 2021 04:56:10 GMT"
2,4,4,4,15,60,80,15,0,Desktop,Chrome 89,n/a,Mac OS X 10_14_5,n/a,715358767,"Sat, 03 Apr 2021 04:57:59 GMT"
3,4,4,4,18,30,40,0,0,Desktop,Chrome 89,n/a,Mac OS X 10_14_5,n/a,715358767,"Sat, 03 Apr 2021 04:59:35 GMT"
4,4,4,4,16,60,80,15,5,Desktop,Chrome 89,n/a,Mac OS X 10_14_5,n/a,715358767,"Sat, 03 Apr 2021 05:01:01 GMT"
4,4,4,4,13,60,80,5,5,Desktop,Chrome 89,n/a,Mac OS X 10_14_5,n/a,715358767,"Sat, 03 Apr 2021 05:02:45 GMT"
4,4,4,4,14,60,80,5,15,Desktop,Chrome 89,n/a,Mac OS X 10_14_5,n/a,715358767,"Sat, 03 Apr 2021 05:04:06 GMT"
4,4,4,4,6,30,80,15,0,Desktop,Chrome 89,n/a,Mac OS X 10_14_5,n/a,1827973487,"Sat, 03 Apr 2021 05:09:00 GMT"
4,4,4,4,7,30,80,15,5,Desktop,Chrome 89,n/a,Mac OS X 10_14_5,n/a,1827973487,"Sat, 03 Apr 2021 05:10:25 GMT"
4,4,4,4,14,60,80,5,15,Desktop,Chrome 89,n/a,Mac OS X 10_14_5,n/a,1827973487,"Sat, 03 Apr 2021 05:11:43 GMT"
4,4,4,4,9,60,80,0,0,Desktop,Chrome 89,n/a,Mac OS X 10_14_5,n/a,1827973487,"Sat, 03 Apr 2021 05:13:01 GMT"
4,4,4,4,12,60,80,5,0,Desktop,Chrome 89,n/a,Mac OS X 10_14_5,n/a,1827973487,"Sat, 03 Apr 2021 05:14:15 GMT"
4,4,4,4,0,30,80,0,0,Desktop,Chrome 89,n/a,Mac OS X 10_14_5,n/a,1827973487,"Sat, 03 Apr 2021 05:15:28 GMT"
4,4,4,4,13,60,80,5,5,Desktop,Chrome 89,n/a,Mac OS X 10_14_5,n/a,1827973487,"Sat, 03 Apr 2021 05:16:43 GMT"
4,4,4,4,2,30,80,0,15,Desktop,Chrome 89,n/a,Mac OS X 10_14_5,n/a,1827973487,"Sat, 03 Apr 2021 05:18:52 GMT"
4,4,4,4,5,30,80,5,15,Desktop,Chrome 89,n/a,Mac OS X 10_14_5,n/a,1827973487,"Sat, 03 Apr 2021 05:20:12 GMT"
4,4,4,4,16,60,80,15,5,Desktop,Chrome 89,n/a,Mac OS X 10_14_5,n/a,1827973487,"Sat, 03 Apr 2021 05:21:34 GMT"
4,4,4,4,1,30,80,0,5,Desktop,Chrome 89,n/a,Mac OS X 10_14_5,n/a,1827973487,"Sat, 03 Apr 2021 05:22:52 GMT"
4,4,4,4,18,30,40,0,0,Desktop,Chrome 89,n/a,Mac OS X 10_14_5,n/a,1827973487,"Sat, 03 Apr 2021 05:24:51 GMT"
4,4,4,4,19,30,120,0,0,Desktop,Chrome 89,n/a,Mac OS X 10_14_5,n/a,1827973487,"Sat, 03 Apr 2021 05:25:19 GMT"
4,4,4,4,15,60,80,15,0,Desktop,Chrome 89,n/a,Mac OS X 10_14_5,n/a,1827973487,"Sat, 03 Apr 2021 05:25:50 GMT"
4,4,4,4,8,30,80,15,15,Desktop,Chrome 89,n/a,Mac OS X 10_14_5,n/a,1827973487,"Sat, 03 Apr 2021 05:26:23 GMT"
3,5,3,4,10,60,80,0,5,Desktop,Chrome 89,n/a,Mac OS X 10_1_0,n/a,2044432363,"Sat, 03 Apr 2021 22:17:30 GMT"
4,5,3,4,17,60,80,15,15,Desktop,Chrome 89,n/a,Mac OS X 10_1_0,n/a,1322688908,"Sat, 03 Apr 2021 22:23:55 GMT"
1,5,1,1,0,30,80,0,0,Desktop,Chrome 88,n/a,Mac OS X 10_15_7,n/a,656722621,"Sun, 04 Apr 2021 01:19:55 GMT"
2,5,5,3,16,60,80,15,5,Desktop,Chrome 88,n/a,Mac OS X 10_15_7,n/a,656722621,"Sun, 04 Apr 2021 01:21:27 GMT"
1,5,2,1,10,60,80,0,5,Desktop,Chrome 88,n/a,Mac OS X 10_15_7,n/a,656722621,"Sun, 04 Apr 2021 01:23:12 GMT"
5,5,4,4,1,30,80,0,5,Desktop,Chrome 88,n/a,Mac OS X 10_15_7,n/a,656722621,"Sun, 04 Apr 2021 01:24:32 GMT"
3,5,2,3,17,60,80,15,15,Desktop,Chrome 88,n/a,Mac OS X 10_15_7,n/a,656722621,"Sun, 04 Apr 2021 01:26:11 GMT"
5,5,5,5,11,60,80,0,15,Desktop,Chrome 88,n/a,Mac OS X 10_15_7,n/a,656722621,"Sun, 04 Apr 2021 01:27:29 GMT"
5,5,5,5,4,30,80,5,5,Desktop,Chrome 88,n/a,Mac OS X 10_15_7,n/a,656722621,"Sun, 04 Apr 2021 01:28:44 GMT"
5,5,5,5,19,30,120,0,0,Desktop,Chrome 88,n/a,Mac OS X 10_15_7,n/a,656722621,"Sun, 04 Apr 2021 01:29:57 GMT"
2,5,1,2,7,30,80,15,5,Desktop,Chrome 88,n/a,Mac OS X 10_15_7,n/a,656722621,"Sun, 04 Apr 2021 01:31:37 GMT"
5,5,5,5,18,30,40,0,0,Desktop,Chrome 88,n/a,Mac OS X 10_15_7,n/a,656722621,"Sun, 04 Apr 2021 01:33:01 GMT"
1,5,1,1,8,30,80,15,15,Desktop,Chrome 88,n/a,Mac OS X 10_15_7,n/a,656722621,"Sun, 04 Apr 2021 01:34:32 GMT"
5,5,5,5,14,60,80,5,15,Desktop,Chrome 88,n/a,Mac OS X 10_15_7,n/a,656722621,"Sun, 04 Apr 2021 01:35:43 GMT"
3,5,2,4,0,30,80,0,0,Desktop,Chrome 89,n/a,Mac OS X 10_15_7,n/a,1147424398,"Sun, 04 Apr 2021 20:46:19 GMT"
2,3,1,2,8,30,80,15,15,Desktop,Chrome 89,n/a,Mac OS X 10_2_3,n/a,1138484479,"Sun, 04 Apr 2021 21:33:55 GMT"
3,3,3,3,19,30,120,0,0,Desktop,Chrome 89,n/a,Mac OS X 10_2_3,n/a,1138484479,"Sun, 04 Apr 2021 21:36:43 GMT"
3,3,5,4,10,60,80,0,5,Desktop,Chrome 89,n/a,Mac OS X 10_2_3,n/a,1138484479,"Sun, 04 Apr 2021 21:39:15 GMT"
3,3,4,4,18,30,40,0,0,Desktop,Chrome 89,n/a,Windows 10,n/a,1995568908,"Sun, 04 Apr 2021 21:41:24 GMT"
4,3,4,4,11,60,80,0,15,Desktop,Chrome 89,n/a,Windows 10,n/a,1995568908,"Sun, 04 Apr 2021 21:43:11 GMT"
5,5,3,4,0,30,80,0,0,Desktop,Chrome 89,n/a,Mac OS X 10_15_7,n/a,1322613835,"Sun, 04 Apr 2021 21:45:37 GMT"
4,3,4,4,4,30,80,5,5,Desktop,Chrome 89,n/a,Windows 10,n/a,1995568908,"Sun, 04 Apr 2021 21:45:47 GMT"
4,3,4,4,14,60,80,5,15,Desktop,Chrome 89,n/a,Windows 10,n/a,1995568908,"Sun, 04 Apr 2021 21:47:39 GMT"
3,4,4,4,12,60,80,5,0,Desktop,Chrome 89,n/a,Windows 10,n/a,1995568908,"Sun, 04 Apr 2021 21:49:21 GMT"
2,4,2,2,19,30,120,0,0,Desktop,Chrome 89,n/a,Windows 10,n/a,1814148384,"Sun, 04 Apr 2021 21:50:01 GMT"
2,3,2,2,5,30,80,5,15,Desktop,Chrome 89,n/a,Windows 10,n/a,1995568908,"Sun, 04 Apr 2021 21:51:30 GMT"
3,3,3,3,16,60,80,15,5,Desktop,Chrome 89,n/a,Windows 10,n/a,1995568908,"Sun, 04 Apr 2021 21:54:16 GMT"
3,5,3,4,16,60,80,15,5,Desktop,Chrome 89,n/a,Mac OS X 10_15_7,n/a,2055095873,"Sun, 04 Apr 2021 21:55:19 GMT"
5,5,5,5,12,60,80,5,0,Desktop,Chrome 89,n/a,Mac OS X 10_15_7,n/a,2055095873,"Sun, 04 Apr 2021 21:56:39 GMT"
3,3,3,3,0,30,80,0,0,Desktop,Chrome 89,n/a,Windows 10,n/a,1995568908,"Sun, 04 Apr 2021 21:56:41 GMT"
5,5,5,5,6,30,80,15,0,Desktop,Chrome 89,n/a,Mac OS X 10_15_7,n/a,2055095873,"Sun, 04 Apr 2021 21:58:05 GMT"
4,3,3,3,3,30,80,5,0,Desktop,Chrome 89,n/a,Windows 10,n/a,1995568908,"Sun, 04 Apr 2021 21:58:45 GMT"
5,5,5,5,17,60,80,15,15,Desktop,Chrome 89,n/a,Mac OS X 10_15_7,n/a,2055095873,"Sun, 04 Apr 2021 21:59:22 GMT"
3,3,2,3,12,60,80,5,0,Desktop,Chrome 89,n/a,Windows 10,n/a,1522822042,"Sun, 04 Apr 2021 21:59:52 GMT"
3,3,4,3,19,30,120,0,0,Desktop,Chrome 89,n/a,Windows 10,n/a,1995568908,"Sun, 04 Apr 2021 22:00:34 GMT"
2,2,3,2,13,60,80,5,5,Desktop,Chrome 89,n/a,Windows 10,n/a,1522822042,"Sun, 04 Apr 2021 22:01:28 GMT"
3,3,3,3,9,60,80,0,0,Desktop,Chrome 89,n/a,Windows 10,n/a,1995568908,"Sun, 04 Apr 2021 22:02:24 GMT"
3,3,3,3,4,30,80,5,5,Desktop,Chrome 89,n/a,Mac OS X 10_15_7,n/a,2055095873,"Sun, 04 Apr 2021 22:02:34 GMT"
3,2,2,3,5,30,80,5,15,Desktop,Chrome 89,n/a,Windows 10,n/a,1522822042,"Sun, 04 Apr 2021 22:03:15 GMT"
5,5,5,5,15,60,80,15,0,Desktop,Chrome 89,n/a,Mac OS X 10_15_7,n/a,2055095873,"Sun, 04 Apr 2021 22:03:51 GMT"
3,3,3,3,17,60,80,15,15,Desktop,Chrome 89,n/a,Windows 10,n/a,1995568908,"Sun, 04 Apr 2021 22:04:16 GMT"
5,5,5,5,10,60,80,0,5,Desktop,Chrome 89,n/a,Mac OS X 10_15_7,n/a,2055095873,"Sun, 04 Apr 2021 22:05:05 GMT"
3,3,4,4,9,60,80,0,0,Desktop,Chrome 89,n/a,Mac OS X 10_2_3,n/a,1138484479,"Sun, 04 Apr 2021 22:06:41 GMT"
5,5,5,5,18,30,40,0,0,Desktop,Chrome 89,n/a,Mac OS X 10_15_7,n/a,2055095873,"Sun, 04 Apr 2021 22:07:09 GMT"
2,2,2,2,16,60,80,15,5,Desktop,Chrome 89,n/a,Windows 10,n/a,1522822042,"Sun, 04 Apr 2021 22:07:10 GMT"
2,3,2,3,1,30,80,0,5,Desktop,Chrome 89,n/a,Windows 10,n/a,1522822042,"Sun, 04 Apr 2021 22:08:40 GMT"
5,5,5,5,7,30,80,15,5,Desktop,Chrome 89,n/a,Mac OS X 10_15_7,n/a,2055095873,"Sun, 04 Apr 2021 22:09:31 GMT"
3,3,3,3,5,30,80,5,15,Desktop,Chrome 89,n/a,Mac OS X 10_2_3,n/a,1138484479,"Sun, 04 Apr 2021 22:09:46 GMT"
1,1,1,1,8,30,80,15,15,Desktop,Chrome 89,n/a,Mac OS X 10_15_7,n/a,2055095873,"Sun, 04 Apr 2021 22:10:39 GMT"
4,5,4,4,14,60,80,5,15,Desktop,Chrome 89,n/a,Mac OS X 10_2_3,n/a,1138484479,"Sun, 04 Apr 2021 22:11:14 GMT"
2,3,2,2,6,30,80,15,0,Desktop,Chrome 89,n/a,Windows 10,n/a,1522822042,"Sun, 04 Apr 2021 22:11:51 GMT"
5,4,5,5,2,30,80,0,15,Desktop,Chrome 89,n/a,Mac OS X 10_2_3,n/a,1138484479,"Sun, 04 Apr 2021 22:12:42 GMT"
3,3,3,3,3,30,80,5,0,Desktop,Chrome 89,n/a,Windows 10,n/a,1522822042,"Sun, 04 Apr 2021 22:13:14 GMT"
3,4,4,4,14,60,80,5,15,Desktop,Chrome 89,n/a,Windows 10,n/a,1522822042,"Sun, 04 Apr 2021 22:14:38 GMT"
3,4,3,4,10,60,80,0,5,Desktop,Chrome 89,n/a,Windows 10,n/a,1522822042,"Sun, 04 Apr 2021 22:16:20 GMT"
3,4,3,4,15,60,80,15,0,Desktop,Chrome 89,n/a,Windows 10,n/a,1522822042,"Sun, 04 Apr 2021 22:17:52 GMT"
3,3,4,3,8,30,80,15,15,Desktop,Chrome 89,n/a,Windows 10,n/a,1522822042,"Sun, 04 Apr 2021 22:19:32 GMT"
3,4,4,3,19,30,120,0,0,Desktop,Chrome 89,n/a,Windows 10,n/a,1522822042,"Sun, 04 Apr 2021 22:21:00 GMT"
4,4,4,4,4,30,80,5,5,Desktop,Chrome 89,n/a,Windows 10,n/a,1522822042,"Sun, 04 Apr 2021 22:22:18 GMT"
4,4,5,4,3,30,80,5,0,Desktop,Chrome 89,n/a,Mac OS X 10_2_3,n/a,1138484479,"Sun, 04 Apr 2021 22:23:29 GMT"
4,4,4,4,7,30,80,15,5,Desktop,Chrome 89,n/a,Windows 10,n/a,1522822042,"Sun, 04 Apr 2021 22:23:35 GMT"
3,3,4,3,18,30,40,0,0,Desktop,Chrome 89,n/a,Windows 10,n/a,1522822042,"Sun, 04 Apr 2021 22:25:51 GMT"
5,4,4,4,12,60,80,5,0,Desktop,Chrome 89,n/a,Mac OS X 10_2_3,n/a,1138484479,"Sun, 04 Apr 2021 22:26:31 GMT"
4,5,4,5,11,60,80,0,15,Desktop,Chrome 89,n/a,Windows 10,n/a,1522822042,"Sun, 04 Apr 2021 22:27:08 GMT"
5,4,5,5,18,30,40,0,0,Desktop,Chrome 89,n/a,Mac OS X 10_2_3,n/a,1138484479,"Sun, 04 Apr 2021 22:27:57 GMT"
4,4,5,4,17,60,80,15,15,Desktop,Chrome 89,n/a,Windows 10,n/a,1522822042,"Sun, 04 Apr 2021 22:28:28 GMT"
4,5,4,4,0,30,80,0,0,Desktop,Chrome 89,n/a,Windows 10,n/a,1522822042,"Sun, 04 Apr 2021 22:30:00 GMT"
4,5,4,5,9,60,80,0,0,Desktop,Chrome 89,n/a,Windows 10,n/a,1522822042,"Sun, 04 Apr 2021 22:31:16 GMT"
4,5,4,5,2,30,80,0,15,Desktop,Chrome 89,n/a,Windows 10,n/a,1522822042,"Sun, 04 Apr 2021 22:32:40 GMT"
5,5,2,3,6,30,80,15,0,Desktop,Chrome 89,n/a,Mac OS X 10_2_3,n/a,1138484479,"Sun, 04 Apr 2021 22:32:47 GMT"
4,4,3,3,7,30,80,15,5,Desktop,Chrome 89,n/a,Mac OS X 10_2_3,n/a,1138484479,"Sun, 04 Apr 2021 22:34:28 GMT"
3,4,4,4,1,30,80,0,5,Desktop,Chrome 89,n/a,Mac OS X 10_2_3,n/a,1138484479,"Sun, 04 Apr 2021 22:35:50 GMT"
3,3,2,3,13,60,80,5,5,Desktop,Chrome 89,n/a,Windows 10,n/a,1995568908,"Sun, 04 Apr 2021 22:41:52 GMT"
2,3,2,2,10,60,80,0,5,Desktop,Chrome 89,n/a,Windows 10,n/a,1995568908,"Sun, 04 Apr 2021 22:43:32 GMT"
4,4,2,3,17,60,80,15,15,Desktop,Chrome 89,n/a,Mac OS X 10_2_3,n/a,1138484479,"Sun, 04 Apr 2021 22:48:54 GMT"
3,3,3,3,16,60,80,15,5,Desktop,Chrome 89,n/a,Mac OS X 10_2_3,n/a,1138484479,"Sun, 04 Apr 2021 22:50:20 GMT"
3,5,2,2,9,60,80,0,0,Desktop,Chrome 89,n/a,Windows 10,n/a,2013732012,"Sun, 04 Apr 2021 22:51:28 GMT"
3,3,3,3,11,60,80,0,15,Desktop,Chrome 89,n/a,Windows 10,n/a,2013732012,"Sun, 04 Apr 2021 22:52:36 GMT"
3,3,3,4,3,30,80,5,0,Desktop,Chrome 89,n/a,Windows 10,n/a,2013732012,"Sun, 04 Apr 2021 22:52:59 GMT"
2,5,2,2,6,30,80,15,0,Desktop,Chrome 89,n/a,Windows 10,n/a,2013732012,"Sun, 04 Apr 2021 22:53:28 GMT"
3,3,2,1,19,30,120,0,0,Desktop,Chrome 89,n/a,Windows 10,n/a,2013732012,"Sun, 04 Apr 2021 22:53:55 GMT"
1,5,3,2,16,60,80,15,5,Desktop,Chrome 89,n/a,Windows 10,n/a,2013732012,"Sun, 04 Apr 2021 22:54:24 GMT"
2,5,3,3,17,60,80,15,15,Desktop,Chrome 89,n/a,Windows 10,n/a,2013732012,"Sun, 04 Apr 2021 22:55:17 GMT"
1,5,1,1,8,30,80,15,15,Desktop,Chrome 89,n/a,Windows 10,n/a,2013732012,"Sun, 04 Apr 2021 22:55:41 GMT"
2,4,1,2,12,60,80,5,0,Desktop,Chrome 89,n/a,Windows 10,n/a,2013732012,"Sun, 04 Apr 2021 22:56:33 GMT"
1,4,1,2,2,30,80,0,15,Desktop,Chrome 89,n/a,Windows 10,n/a,2013732012,"Sun, 04 Apr 2021 22:57:16 GMT"
1,5,2,2,7,30,80,15,5,Desktop,Chrome 89,n/a,Windows 10,n/a,2013732012,"Sun, 04 Apr 2021 22:57:50 GMT"
1,5,2,2,5,30,80,5,15,Desktop,Chrome 89,n/a,Windows 10,n/a,2013732012,"Sun, 04 Apr 2021 22:59:53 GMT"
2,4,2,2,18,30,40,0,0,Desktop,Chrome 89,n/a,Windows 10,n/a,2013732012,"Sun, 04 Apr 2021 23:00:33 GMT"
1,5,3,2,10,60,80,0,5,Desktop,Chrome 89,n/a,Windows 10,n/a,2013732012,"Sun, 04 Apr 2021 23:01:12 GMT"
2,4,1,2,13,60,80,5,5,Desktop,Chrome 89,n/a,Windows 10,n/a,2013732012,"Sun, 04 Apr 2021 23:01:41 GMT"
2,5,1,2,1,30,80,0,5,Desktop,Chrome 89,n/a,Windows 10,n/a,2013732012,"Sun, 04 Apr 2021 23:02:06 GMT"
1,4,3,2,15,60,80,15,0,Desktop,Chrome 89,n/a,Windows 10,n/a,2013732012,"Sun, 04 Apr 2021 23:05:08 GMT"
1,4,1,1,14,60,80,5,15,Desktop,Chrome 89,n/a,Windows 10,n/a,2013732012,"Sun, 04 Apr 2021 23:05:44 GMT"
1,4,2,2,0,30,80,0,0,Desktop,Chrome 89,n/a,Windows 10,n/a,2013732012,"Sun, 04 Apr 2021 23:07:01 GMT"
2,4,1,2,4,30,80,5,5,Desktop,Chrome 89,n/a,Windows 10,n/a,2013732012,"Sun, 04 Apr 2021 23:07:23 GMT"
5,5,5,5,11,60,80,0,15,Desktop,Chrome 89,n/a,Mac OS X 10_2_3,n/a,1138484479,"Sun, 04 Apr 2021 23:21:28 GMT"
3,5,3,3,15,60,80,15,0,Desktop,Chrome 89,n/a,Mac OS X 10_2_3,n/a,1138484479,"Sun, 04 Apr 2021 23:23:15 GMT"
3,5,3,3,0,30,80,0,0,Desktop,Chrome 89,n/a,Mac OS X 10_2_3,n/a,1138484479,"Sun, 04 Apr 2021 23:27:06 GMT"
5,5,4,5,13,60,80,5,5,Desktop,Chrome 89,n/a,Mac OS X 10_2_3,n/a,1138484479,"Sun, 04 Apr 2021 23:28:26 GMT"
3,4,4,4,4,30,80,5,5,Desktop,Chrome 89,n/a,Mac OS X 10_2_3,n/a,1138484479,"Sun, 04 Apr 2021 23:38:41 GMT"
3,4,3,4,2,30,80,0,15,Desktop,Chrome 89,n/a,Windows 10,n/a,1303806803,"Mon, 05 Apr 2021 03:36:28 GMT"
3,4,3,4,14,60,80,5,15,Desktop,Chrome 89,n/a,Windows 10,n/a,1303806803,"Mon, 05 Apr 2021 03:41:51 GMT"
2,5,3,4,0,30,80,0,0,Desktop,Chrome 89,n/a,Mac OS X 10_2_3,n/a,1578011006,"Mon, 05 Apr 2021 19:27:49 GMT"
4,5,4,4,11,60,80,0,15,Desktop,Chrome 89,n/a,Mac OS X 10_2_3,n/a,1578011006,"Mon, 05 Apr 2021 19:29:23 GMT"
3,5,5,3,6,30,80,15,0,Desktop,Chrome 89,n/a,Windows 10,n/a,591325231,"Mon, 05 Apr 2021 22:33:42 GMT"
4,5,5,5,11,60,80,0,15,Desktop,Chrome 89,n/a,Windows 10,n/a,591325231,"Mon, 05 Apr 2021 22:36:18 GMT"
4,4,4,4,1,30,80,0,5,Desktop,Chrome 89,n/a,Windows 10,n/a,591325231,"Mon, 05 Apr 2021 22:38:35 GMT"
3,4,4,4,18,30,40,0,0,Desktop,Chrome 89,n/a,Windows 10,n/a,591325231,"Mon, 05 Apr 2021 22:40:05 GMT"
2,3,2,2,8,30,80,15,15,Desktop,Chrome 89,n/a,Windows 10,n/a,591325231,"Mon, 05 Apr 2021 22:41:42 GMT"
1,3,1,2,10,60,80,0,5,Desktop,Chrome 89,n/a,Windows 10,n/a,591325231,"Mon, 05 Apr 2021 22:43:04 GMT"
2,1,2,3,15,60,80,15,0,Desktop,Chrome 89,n/a,Windows 10,n/a,591325231,"Mon, 05 Apr 2021 22:44:32 GMT"
1,2,2,2,9,60,80,0,0,Desktop,Chrome 89,n/a,Windows 10,n/a,591325231,"Mon, 05 Apr 2021 22:45:02 GMT"
1,3,1,2,1,30,80,0,5,Desktop,Chrome 89,n/a,Windows 10,n/a,506116219,"Tue, 06 Apr 2021 01:11:49 GMT"
1,3,2,2,18,30,40,0,0,Desktop,Chrome 89,n/a,Windows 10,n/a,506116219,"Tue, 06 Apr 2021 01:13:09 GMT"
1,3,1,2,19,30,120,0,0,Desktop,Chrome 89,n/a,Windows 10,n/a,506116219,"Tue, 06 Apr 2021 01:14:32 GMT"
2,2,2,2,9,60,80,0,0,Desktop,Chrome 89,n/a,Windows 10,n/a,506116219,"Tue, 06 Apr 2021 01:14:58 GMT"
1,1,2,2,5,30,80,5,15,Desktop,Chrome 89,n/a,Windows 10,n/a,506116219,"Tue, 06 Apr 2021 01:15:31 GMT"
1,1,1,1,14,60,80,5,15,Desktop,Chrome 89,n/a,Windows 10,n/a,506116219,"Tue, 06 Apr 2021 01:15:57 GMT"
1,1,1,1,3,30,80,5,0,Desktop,Chrome 89,n/a,Windows 10,n/a,506116219,"Tue, 06 Apr 2021 01:17:53 GMT"
1,1,1,1,4,30,80,5,5,Desktop,Chrome 89,n/a,Windows 10,n/a,506116219,"Tue, 06 Apr 2021 01:18:52 GMT"
2,3,2,2,12,60,80,5,0,Desktop,Chrome 89,n/a,Windows 10,n/a,506116219,"Tue, 06 Apr 2021 01:20:09 GMT"
2,5,2,4,3,30,80,5,0,Desktop,Chrome 89,n/a,Windows 10,n/a,1493409547,"Tue, 06 Apr 2021 05:38:20 GMT"
3,4,2,3,12,60,80,5,0,Desktop,Firefox 87,n/a,Windows 10,n/a,1036458266,"Tue, 06 Apr 2021 06:26:03 GMT"
4,3,4,3,13,60,80,5,5,Desktop,Chrome 89,n/a,Windows 10,n/a,2007045841,"Tue, 06 Apr 2021 22:29:09 GMT"
2,3,5,5,2,30,80,0,15,Desktop,Chrome 89,n/a,Windows 10,n/a,2007045841,"Tue, 06 Apr 2021 22:30:31 GMT"
1,3,2,3,17,60,80,15,15,Desktop,Chrome 89,n/a,Windows 10,n/a,2007045841,"Tue, 06 Apr 2021 22:33:01 GMT"
2,3,2,3,7,30,80,15,5,Desktop,Chrome 89,n/a,Windows 10,n/a,2007045841,"Tue, 06 Apr 2021 22:34:27 GMT"
2,3,2,3,0,30,80,0,0,Desktop,Chrome 89,n/a,Windows 10,n/a,2007045841,"Tue, 06 Apr 2021 22:35:47 GMT"
2,3,2,3,11,60,80,0,15,Desktop,Chrome 89,n/a,Windows 10,n/a,2007045841,"Tue, 06 Apr 2021 22:37:03 GMT"
2,3,2,3,10,60,80,0,5,Desktop,Chrome 89,n/a,Windows 10,n/a,2007045841,"Tue, 06 Apr 2021 22:38:23 GMT"
2,3,2,3,8,30,80,15,15,Desktop,Chrome 89,n/a,Windows 10,n/a,2007045841,"Tue, 06 Apr 2021 22:39:38 GMT"
2,3,2,3,18,30,40,0,0,Desktop,Chrome 89,n/a,Windows 10,n/a,2007045841,"Tue, 06 Apr 2021 22:41:04 GMT"
2,3,2,3,4,30,80,5,5,Desktop,Chrome 89,n/a,Windows 10,n/a,2007045841,"Tue, 06 Apr 2021 22:41:44 GMT"
2,3,2,3,15,60,80,15,0,Desktop,Chrome 89,n/a,Windows 10,n/a,2007045841,"Tue, 06 Apr 2021 22:43:03 GMT"
4,5,3,4,5,30,80,5,15,Desktop,Chrome 89,n/a,Mac OS X 10_15_7,n/a,1909754666,"Tue, 06 Apr 2021 22:45:12 GMT"
4,5,3,4,12,60,80,5,0,Desktop,Chrome 89,n/a,Mac OS X 10_15_7,n/a,1909754666,"Tue, 06 Apr 2021 22:47:16 GMT"
4,5,3,4,14,60,80,5,15,Desktop,Chrome 89,n/a,Mac OS X 10_15_7,n/a,1909754666,"Tue, 06 Apr 2021 22:49:04 GMT"
4,5,3,4,13,60,80,5,5,Desktop,Chrome 89,n/a,Mac OS X 10_15_7,n/a,1909754666,"Tue, 06 Apr 2021 22:51:08 GMT"
2,2,1,2,10,60,80,0,5,Desktop,Chrome 89,n/a,Mac OS X 10_2_0,n/a,894222928,"Wed, 07 Apr 2021 02:55:39 GMT"
2,4,2,3,6,30,80,15,0,Desktop,Chrome 89,n/a,Windows 10,n/a,974374938,"Wed, 07 Apr 2021 18:22:57 GMT"
4,5,4,4,10,60,80,0,5,Desktop,Chrome 89,n/a,Mac OS X 10_2_3,n/a,1750890971,"Wed, 07 Apr 2021 18:23:49 GMT"
3,4,4,3,14,60,80,5,15,Desktop,Chrome 89,n/a,Windows 10,n/a,1444110357,"Wed, 07 Apr 2021 18:37:45 GMT"
3,4,3,3,7,30,80,15,5,Desktop,Chrome 89,n/a,Windows 10,n/a,1444110357,"Wed, 07 Apr 2021 18:39:13 GMT"
3,4,3,3,0,30,80,0,0,Desktop,Chrome 89,n/a,Windows 10,n/a,1444110357,"Wed, 07 Apr 2021 18:40:30 GMT"
3,4,3,3,13,60,80,5,5,Desktop,Chrome 89,n/a,Windows 10,n/a,1444110357,"Wed, 07 Apr 2021 18:42:44 GMT"
3,4,2,3,18,30,40,0,0,Desktop,Chrome 89,n/a,Windows 10,n/a,1444110357,"Wed, 07 Apr 2021 18:44:14 GMT"
4,4,4,4,1,30,80,0,5,Desktop,Chrome 89,n/a,Windows 10,n/a,1444110357,"Wed, 07 Apr 2021 18:45:24 GMT"
4,4,1,2,15,60,80,15,0,Desktop,Chrome 89,n/a,Windows 10,n/a,1444110357,"Wed, 07 Apr 2021 18:46:44 GMT"
2,4,2,2,8,30,80,15,15,Desktop,Chrome 89,n/a,Windows 10,n/a,1444110357,"Wed, 07 Apr 2021 18:48:10 GMT"
4,4,1,2,19,30,120,0,0,Desktop,Chrome 89,n/a,Windows 10,n/a,1444110357,"Wed, 07 Apr 2021 18:49:34 GMT"
2,3,5,3,5,30,80,5,15,Desktop,Chrome 89,n/a,Windows 10,n/a,1444110357,"Wed, 07 Apr 2021 18:50:54 GMT"
4,2,2,3,16,60,80,15,5,Desktop,Chrome 89,n/a,Windows 10,n/a,1444110357,"Wed, 07 Apr 2021 18:52:18 GMT"
5,3,5,4,9,60,80,0,0,Desktop,Chrome 89,n/a,Windows 10,n/a,1444110357,"Wed, 07 Apr 2021 18:53:33 GMT"
4,4,2,3,6,30,80,15,0,Desktop,Chrome 89,n/a,Windows 10,n/a,1444110357,"Wed, 07 Apr 2021 18:54:50 GMT"
4,3,3,3,10,60,80,0,5,Desktop,Chrome 89,n/a,Windows 10,n/a,1444110357,"Wed, 07 Apr 2021 18:56:37 GMT"
4,4,4,4,3,30,80,5,0,Desktop,Chrome 89,n/a,Windows 10,n/a,1444110357,"Wed, 07 Apr 2021 18:58:05 GMT"
4,4,5,4,12,60,80,5,0,Desktop,Chrome 89,n/a,Windows 10,n/a,1444110357,"Wed, 07 Apr 2021 18:59:21 GMT"
4,4,5,4,4,30,80,5,5,Desktop,Chrome 89,n/a,Windows 10,n/a,1444110357,"Wed, 07 Apr 2021 19:00:33 GMT"
3,4,4,4,2,30,80,0,15,Desktop,Chrome 89,n/a,Windows 10,n/a,1444110357,"Wed, 07 Apr 2021 19:31:42 GMT"
5,4,5,4,11,60,80,0,15,Desktop,Chrome 89,n/a,Windows 10,n/a,1444110357,"Wed, 07 Apr 2021 19:32:58 GMT"
4,4,2,3,17,60,80,15,15,Desktop,Chrome 89,n/a,Windows 10,n/a,1444110357,"Wed, 07 Apr 2021 19:34:15 GMT"
4,4,2,3,6,30,80,15,0,Desktop,Chrome 89,n/a,Windows 10,n/a,706476895,"Wed, 07 Apr 2021 19:37:23 GMT"
5,5,3,4,13,60,80,5,5,Desktop,Chrome 89,n/a,Windows 10,n/a,706476895,"Wed, 07 Apr 2021 19:38:41 GMT"
4,4,4,4,0,30,80,0,0,Desktop,Chrome 89,n/a,Windows 10,n/a,706476895,"Wed, 07 Apr 2021 19:39:55 GMT"
3,4,3,3,8,30,80,15,15,Desktop,Chrome 89,n/a,Windows 10,n/a,706476895,"Wed, 07 Apr 2021 19:41:18 GMT"
3,4,4,3,5,30,80,5,15,Desktop,Chrome 89,n/a,Windows 10,n/a,706476895,"Wed, 07 Apr 2021 19:43:30 GMT"
5,4,4,4,18,30,40,0,0,Desktop,Chrome 89,n/a,Windows 10,n/a,706476895,"Wed, 07 Apr 2021 19:44:46 GMT"
4,4,5,4,3,30,80,5,0,Desktop,Chrome 89,n/a,Windows 10,n/a,706476895,"Wed, 07 Apr 2021 19:46:09 GMT"
4,3,3,4,4,30,80,5,5,Desktop,Chrome 89,n/a,Windows 10,n/a,706476895,"Wed, 07 Apr 2021 19:47:15 GMT"
5,3,5,4,12,60,80,5,0,Desktop,Chrome 89,n/a,Windows 10,n/a,706476895,"Wed, 07 Apr 2021 19:48:23 GMT"
3,4,3,3,16,60,80,15,5,Desktop,Chrome 89,n/a,Windows 10,n/a,706476895,"Wed, 07 Apr 2021 19:50:34 GMT"
4,4,3,4,1,30,80,0,5,Desktop,Chrome 89,n/a,Windows 10,n/a,706476895,"Wed, 07 Apr 2021 19:51:47 GMT"
5,4,2,3,17,60,80,15,15,Desktop,Chrome 89,n/a,Windows 10,n/a,706476895,"Wed, 07 Apr 2021 19:53:00 GMT"
3,4,3,3,15,60,80,15,0,Desktop,Chrome 89,n/a,Windows 10,n/a,706476895,"Wed, 07 Apr 2021 19:55:49 GMT"
3,4,4,4,10,60,80,0,5,Desktop,Chrome 89,n/a,Windows 10,n/a,706476895,"Wed, 07 Apr 2021 19:57:11 GMT"
3,3,4,4,19,30,120,0,0,Desktop,Chrome 89,n/a,Windows 10,n/a,706476895,"Wed, 07 Apr 2021 19:58:22 GMT"
3,4,2,3,2,30,80,0,15,Desktop,Chrome 89,n/a,Windows 10,n/a,706476895,"Wed, 07 Apr 2021 19:59:36 GMT"
4,4,5,4,11,60,80,0,15,Desktop,Chrome 89,n/a,Windows 10,n/a,706476895,"Wed, 07 Apr 2021 20:39:58 GMT"
5,4,5,4,9,60,80,0,0,Desktop,Chrome 89,n/a,Windows 10,n/a,706476895,"Wed, 07 Apr 2021 20:41:04 GMT"
4,3,1,3,7,30,80,15,5,Desktop,Chrome 89,n/a,Windows 10,n/a,706476895,"Wed, 07 Apr 2021 20:42:24 GMT"
4,3,3,3,14,60,80,5,15,Desktop,Chrome 89,n/a,Windows 10,n/a,706476895,"Wed, 07 Apr 2021 20:43:33 GMT"
1,1,1,1,9,60,80,0,0,Desktop,Chrome 89,n/a,Windows 10,n/a,1367613722,"Wed, 07 Apr 2021 22:22:11 GMT"
1,5,3,2,10,60,80,0,5,Desktop,Chrome 89,n/a,Windows 10,n/a,1367613722,"Wed, 07 Apr 2021 22:23:05 GMT"
1,4,4,2,2,30,80,0,15,Desktop,Chrome 89,n/a,Windows 10,n/a,1367613722,"Wed, 07 Apr 2021 22:26:34 GMT"
1,1,1,1,8,30,80,15,15,Desktop,Chrome 89,n/a,Windows 10,n/a,1367613722,"Wed, 07 Apr 2021 22:27:08 GMT"
1,1,1,1,14,60,80,5,15,Desktop,Chrome 89,n/a,Windows 10,n/a,1367613722,"Wed, 07 Apr 2021 22:27:47 GMT"
2,3,2,1,5,30,80,5,15,Desktop,Chrome 89,n/a,Windows 10,n/a,1367613722,"Wed, 07 Apr 2021 22:29:16 GMT"
1,1,1,1,17,60,80,15,15,Desktop,Chrome 89,n/a,Windows 10,n/a,1367613722,"Wed, 07 Apr 2021 22:29:56 GMT"
1,5,1,1,1,30,80,0,5,Desktop,Chrome 89,n/a,Windows 10,n/a,1367613722,"Wed, 07 Apr 2021 22:32:14 GMT"
1,5,5,3,18,30,40,0,0,Desktop,Chrome 89,n/a,Windows 10,n/a,1367613722,"Wed, 07 Apr 2021 22:33:01 GMT"
1,5,3,2,19,30,120,0,0,Desktop,Chrome 89,n/a,Windows 10,n/a,1367613722,"Wed, 07 Apr 2021 22:33:47 GMT"
1,5,3,2,3,30,80,5,0,Desktop,Chrome 89,n/a,Windows 10,n/a,1367613722,"Wed, 07 Apr 2021 22:34:34 GMT"
1,4,1,1,6,30,80,15,0,Desktop,Chrome 89,n/a,Windows 10,n/a,1367613722,"Wed, 07 Apr 2021 22:35:03 GMT"
1,4,2,1,13,60,80,5,5,Desktop,Chrome 89,n/a,Windows 10,n/a,1367613722,"Wed, 07 Apr 2021 22:35:54 GMT"
1,4,3,2,4,30,80,5,5,Desktop,Chrome 89,n/a,Windows 10,n/a,1367613722,"Wed, 07 Apr 2021 22:37:00 GMT"
2,4,3,2,0,30,80,0,0,Desktop,Chrome 89,n/a,Windows 10,n/a,1367613722,"Wed, 07 Apr 2021 22:38:36 GMT"
1,4,2,1,15,60,80,15,0,Desktop,Chrome 89,n/a,Windows 10,n/a,1367613722,"Wed, 07 Apr 2021 22:39:39 GMT"
1,4,1,1,7,30,80,15,5,Desktop,Chrome 89,n/a,Windows 10,n/a,1367613722,"Wed, 07 Apr 2021 22:40:30 GMT"
1,4,1,1,11,60,80,0,15,Desktop,Chrome 89,n/a,Windows 10,n/a,1367613722,"Wed, 07 Apr 2021 22:41:06 GMT"
1,5,3,2,12,60,80,5,0,Desktop,Chrome 89,n/a,Windows 10,n/a,1367613722,"Wed, 07 Apr 2021 22:41:46 GMT"
1,4,4,2,13,60,80,5,5,Desktop,Chrome 89,n/a,Windows 10,n/a,914734202,"Wed, 07 Apr 2021 22:44:45 GMT"
2,4,2,1,7,30,80,15,5,Desktop,Chrome 89,n/a,Windows 10,n/a,914734202,"Wed, 07 Apr 2021 22:45:50 GMT"
1,4,1,1,1,30,80,0,5,Desktop,Chrome 89,n/a,Windows 10,n/a,914734202,"Wed, 07 Apr 2021 22:47:01 GMT"
1,5,2,2,3,30,80,5,0,Desktop,Chrome 89,n/a,Windows 10,n/a,914734202,"Wed, 07 Apr 2021 22:47:35 GMT"
1,5,1,1,16,60,80,15,5,Desktop,Chrome 89,n/a,Windows 10,n/a,914734202,"Wed, 07 Apr 2021 22:48:31 GMT"
1,4,1,1,4,30,80,5,5,Desktop,Chrome 89,n/a,Windows 10,n/a,914734202,"Wed, 07 Apr 2021 22:49:20 GMT"
3,4,4,4,15,60,80,15,0,Desktop,Chrome 88,n/a,Mac OS X 10_2_1,n/a,1247102441,"Wed, 07 Apr 2021 23:08:14 GMT"
2,5,2,2,14,60,80,5,15,Desktop,Chrome 89,n/a,Windows 10,n/a,614695483,"Thu, 08 Apr 2021 01:24:59 GMT"
2,4,2,2,5,30,80,5,15,Desktop,Chrome 89,n/a,Windows 10,n/a,614695483,"Thu, 08 Apr 2021 01:27:26 GMT"
2,3,1,2,9,60,80,0,0,Desktop,Chrome 89,n/a,Windows 10,n/a,614695483,"Thu, 08 Apr 2021 01:37:40 GMT"
4,5,2,3,4,30,80,5,5,Desktop,Chrome 89,n/a,Mac OS X 10_14_6,n/a,1725908576,"Thu, 08 Apr 2021 02:04:09 GMT"
3,5,2,3,10,60,80,0,5,Desktop,Chrome 89,n/a,Mac OS X 10_14_6,n/a,772687708,"Thu, 08 Apr 2021 02:36:28 GMT"
3,3,3,3,12,60,80,5,0,Desktop,Chrome 89,n/a,Mac OS X 10_14_6,n/a,772687708,"Thu, 08 Apr 2021 02:38:14 GMT"
2,3,2,3,14,60,80,5,15,Desktop,Chrome 89,n/a,Mac OS X 10_14_6,n/a,772687708,"Thu, 08 Apr 2021 02:40:00 GMT"
2,3,3,3,1,30,80,0,5,Desktop,Chrome 89,n/a,Mac OS X 10_14_6,n/a,772687708,"Thu, 08 Apr 2021 02:41:55 GMT"
2,5,2,3,2,30,80,0,15,Desktop,Chrome 89,n/a,Mac OS X 10_15_3,n/a,43483357,"Fri, 09 Apr 2021 04:28:24 GMT"
2,5,2,3,4,30,80,5,5,Desktop,Chrome 89,n/a,Mac OS X 10_15_3,n/a,43483357,"Fri, 09 Apr 2021 04:31:56 GMT"
3,5,3,3,13,60,80,5,5,Desktop,Chrome 89,n/a,Mac OS X 10_15_3,n/a,43483357,"Fri, 09 Apr 2021 04:33:55 GMT"
2,3,2,2,2,30,80,0,15,Desktop,Chrome 89,n/a,Windows 10,n/a,269562455,"Sat, 10 Apr 2021 03:34:18 GMT"
4,4,4,4,11,60,80,0,15,Desktop,Chrome 89,n/a,Windows 10,n/a,269562455,"Sat, 10 Apr 2021 03:35:38 GMT"
3,4,2,3,17,60,80,15,15,Desktop,Chrome 89,n/a,Windows 10,n/a,269562455,"Sat, 10 Apr 2021 03:37:15 GMT"
3,5,3,3,4,30,80,5,5,Desktop,Chrome 88,n/a,Mac OS X 10_14_6,n/a,2112122199,"Sat, 10 Apr 2021 16:51:59 GMT"
2,5,4,4,12,60,80,5,0,Desktop,Chrome 88,n/a,Mac OS X 10_14_6,n/a,2112122199,"Sat, 10 Apr 2021 17:14:07 GMT"
2,3,2,2,0,30,80,0,0,Desktop,Chrome 89,n/a,Mac OS X 10_1_0,n/a,593143244,"Sat, 10 Apr 2021 21:09:56 GMT"
1,3,1,1,12,60,80,5,0,Desktop,Chrome 89,n/a,Mac OS X 10_1_0,n/a,593143244,"Sat, 10 Apr 2021 21:12:45 GMT"
1,1,1,1,7,30,80,15,5,Desktop,Chrome 89,n/a,Mac OS X 10_1_0,n/a,593143244,"Sat, 10 Apr 2021 21:15:39 GMT"
1,1,1,1,5,30,80,5,15,Desktop,Chrome 89,n/a,Mac OS X 10_1_0,n/a,593143244,"Sat, 10 Apr 2021 21:16:58 GMT"
3,3,4,3,14,60,80,5,15,Desktop,Chrome 89,n/a,Mac OS X 10_1_0,n/a,593143244,"Sat, 10 Apr 2021 21:19:47 GMT"
3,4,4,3,3,30,80,5,0,Desktop,Chrome 89,n/a,Windows 10,n/a,1100473378,"Sun, 11 Apr 2021 02:19:23 GMT"
2,4,2,2,17,60,80,15,15,Desktop,Chrome 89,n/a,Windows 10,n/a,1100473378,"Sun, 11 Apr 2021 02:20:01 GMT"
4,3,3,4,0,30,80,0,0,Desktop,Chrome 89,n/a,Windows 10,n/a,1288882688,"Sun, 11 Apr 2021 05:45:08 GMT"
3,3,2,3,4,30,80,5,5,Desktop,Chrome 89,n/a,Windows 10,n/a,1288882688,"Sun, 11 Apr 2021 05:45:53 GMT"
4,4,1,2,1,30,80,0,5,Desktop,Chrome 89,n/a,Windows 10,n/a,1288882688,"Sun, 11 Apr 2021 05:46:34 GMT"
1,4,3,2,2,30,80,0,15,Desktop,Chrome 89,n/a,Windows 10,n/a,1288882688,"Sun, 11 Apr 2021 05:47:30 GMT"
5,4,1,1,7,30,80,15,5,Desktop,Chrome 89,n/a,Windows 10,n/a,1288882688,"Sun, 11 Apr 2021 05:48:02 GMT"
5,4,2,2,18,30,40,0,0,Desktop,Chrome 89,n/a,Windows 10,n/a,1288882688,"Sun, 11 Apr 2021 05:48:50 GMT"
5,4,4,4,12,60,80,5,0,Desktop,Chrome 89,n/a,Windows 10,n/a,1288882688,"Sun, 11 Apr 2021 05:49:33 GMT"
4,4,3,3,19,30,120,0,0,Desktop,Chrome 89,n/a,Windows 10,n/a,1288882688,"Sun, 11 Apr 2021 05:50:23 GMT"
5,4,1,1,6,30,80,15,0,Desktop,Chrome 89,n/a,Windows 10,n/a,1288882688,"Sun, 11 Apr 2021 05:51:06 GMT"
4,4,2,3,3,30,80,5,0,Desktop,Chrome 89,n/a,Windows 10,n/a,1288882688,"Sun, 11 Apr 2021 05:51:43 GMT"
3,4,3,3,11,60,80,0,15,Desktop,Chrome 89,n/a,Windows 10,n/a,1288882688,"Sun, 11 Apr 2021 05:52:23 GMT"
3,4,1,1,17,60,80,15,15,Desktop,Chrome 89,n/a,Windows 10,n/a,1288882688,"Sun, 11 Apr 2021 05:53:13 GMT"
5,4,1,2,10,60,80,0,5,Desktop,Chrome 89,n/a,Windows 10,n/a,1288882688,"Sun, 11 Apr 2021 05:53:53 GMT"
4,4,3,3,13,60,80,5,5,Desktop,Chrome 89,n/a,Windows 10,n/a,1288882688,"Sun, 11 Apr 2021 05:54:37 GMT"
4,4,2,2,16,60,80,15,5,Desktop,Chrome 89,n/a,Windows 10,n/a,1288882688,"Sun, 11 Apr 2021 05:55:27 GMT"
4,4,1,1,15,60,80,15,0,Desktop,Chrome 89,n/a,Windows 10,n/a,1288882688,"Sun, 11 Apr 2021 05:56:09 GMT"
2,4,1,1,8,30,80,15,15,Desktop,Chrome 89,n/a,Windows 10,n/a,1288882688,"Sun, 11 Apr 2021 05:56:41 GMT"
5,4,2,2,9,60,80,0,0,Desktop,Chrome 89,n/a,Windows 10,n/a,1288882688,"Sun, 11 Apr 2021 05:57:31 GMT"
5,4,4,4,14,60,80,5,15,Desktop,Chrome 89,n/a,Windows 10,n/a,1288882688,"Sun, 11 Apr 2021 05:57:58 GMT"
2,4,3,3,5,30,80,5,15,Desktop,Chrome 89,n/a,Windows 10,n/a,1288882688,"Sun, 11 Apr 2021 05:58:50 GMT"
4,4,1,1,17,60,80,15,15,Desktop,Chrome 89,n/a,Windows 10,n/a,1363428190,"Sun, 11 Apr 2021 06:15:44 GMT"
2,4,2,2,5,30,80,5,15,Desktop,Chrome 89,n/a,Windows 10,n/a,1363428190,"Sun, 11 Apr 2021 06:16:24 GMT"
5,4,1,2,6,30,80,15,0,Desktop,Chrome 89,n/a,Windows 10,n/a,1363428190,"Sun, 11 Apr 2021 06:17:19 GMT"
4,4,3,4,19,30,120,0,0,Desktop,Chrome 89,n/a,Windows 10,n/a,1363428190,"Sun, 11 Apr 2021 06:18:27 GMT"
5,4,4,4,14,60,80,5,15,Desktop,Chrome 89,n/a,Windows 10,n/a,1363428190,"Sun, 11 Apr 2021 06:19:40 GMT"
4,4,2,2,16,60,80,15,5,Desktop,Chrome 89,n/a,Windows 10,n/a,1363428190,"Sun, 11 Apr 2021 06:20:06 GMT"
4,4,4,4,12,60,80,5,0,Desktop,Chrome 89,n/a,Windows 10,n/a,1363428190,"Sun, 11 Apr 2021 06:21:20 GMT"
4,4,4,4,13,60,80,5,5,Desktop,Chrome 89,n/a,Windows 10,n/a,1363428190,"Sun, 11 Apr 2021 06:21:47 GMT"
4,4,1,2,7,30,80,15,5,Desktop,Chrome 89,n/a,Windows 10,n/a,1363428190,"Sun, 11 Apr 2021 06:22:38 GMT"
4,4,3,3,11,60,80,0,15,Desktop,Chrome 89,n/a,Windows 10,n/a,1363428190,"Sun, 11 Apr 2021 06:23:16 GMT"
3,4,5,4,0,30,80,0,0,Desktop,Chrome 89,n/a,Windows 10,n/a,1363428190,"Sun, 11 Apr 2021 06:23:55 GMT"
4,4,1,2,15,60,80,15,0,Desktop,Chrome 89,n/a,Windows 10,n/a,1363428190,"Sun, 11 Apr 2021 06:24:37 GMT"
3,4,2,3,4,30,80,5,5,Desktop,Chrome 89,n/a,Windows 10,n/a,1363428190,"Sun, 11 Apr 2021 06:25:31 GMT"
3,4,3,3,3,30,80,5,0,Desktop,Chrome 89,n/a,Windows 10,n/a,1363428190,"Sun, 11 Apr 2021 06:26:56 GMT"
3,4,3,3,1,30,80,0,5,Desktop,Chrome 89,n/a,Windows 10,n/a,1363428190,"Sun, 11 Apr 2021 06:27:39 GMT"
2,4,4,2,2,30,80,0,15,Desktop,Chrome 89,n/a,Windows 10,n/a,1363428190,"Sun, 11 Apr 2021 06:28:26 GMT"
4,4,5,4,9,60,80,0,0,Desktop,Chrome 89,n/a,Windows 10,n/a,1363428190,"Sun, 11 Apr 2021 06:29:26 GMT"
2,4,1,1,8,30,80,15,15,Desktop,Chrome 89,n/a,Windows 10,n/a,1363428190,"Sun, 11 Apr 2021 06:30:08 GMT"
3,4,2,3,10,60,80,0,5,Desktop,Chrome 89,n/a,Windows 10,n/a,1363428190,"Sun, 11 Apr 2021 06:31:45 GMT"
4,4,5,4,18,30,40,0,0,Desktop,Chrome 89,n/a,Windows 10,n/a,1363428190,"Sun, 11 Apr 2021 06:32:28 GMT"
5,4,1,2,15,60,80,15,0,Desktop,Chrome 89,n/a,Windows 10,n/a,308161760,"Mon, 12 Apr 2021 04:52:30 GMT"
4,4,2,3,11,60,80,0,15,Desktop,Chrome 89,n/a,Windows 10,n/a,308161760,"Mon, 12 Apr 2021 04:53:22 GMT"
4,4,4,4,14,60,80,5,15,Desktop,Chrome 89,n/a,Windows 10,n/a,308161760,"Mon, 12 Apr 2021 04:54:10 GMT"
3,4,1,2,6,30,80,15,0,Desktop,Chrome 89,n/a,Windows 10,n/a,308161760,"Mon, 12 Apr 2021 04:55:46 GMT"
2,4,2,1,2,30,80,0,15,Desktop,Chrome 89,n/a,Windows 10,n/a,308161760,"Mon, 12 Apr 2021 04:56:43 GMT"
3,4,5,4,19,30,120,0,0,Desktop,Chrome 89,n/a,Windows 10,n/a,308161760,"Mon, 12 Apr 2021 04:57:26 GMT"
4,4,3,4,12,60,80,5,0,Desktop,Chrome 89,n/a,Windows 10,n/a,308161760,"Mon, 12 Apr 2021 04:58:17 GMT"
3,4,5,4,18,30,40,0,0,Desktop,Chrome 89,n/a,Windows 10,n/a,308161760,"Mon, 12 Apr 2021 04:58:58 GMT"
5,4,4,4,4,30,80,5,5,Desktop,Chrome 89,n/a,Windows 10,n/a,308161760,"Mon, 12 Apr 2021 05:00:04 GMT"
3,4,3,3,1,30,80,0,5,Desktop,Chrome 89,n/a,Windows 10,n/a,308161760,"Mon, 12 Apr 2021 05:00:48 GMT"
3,4,1,1,17,60,80,15,15,Desktop,Chrome 89,n/a,Windows 10,n/a,308161760,"Mon, 12 Apr 2021 05:01:38 GMT"
2,4,1,1,8,30,80,15,15,Desktop,Chrome 89,n/a,Windows 10,n/a,308161760,"Mon, 12 Apr 2021 05:02:19 GMT"
4,4,1,2,9,60,80,0,0,Desktop,Chrome 89,n/a,Windows 10,n/a,308161760,"Mon, 12 Apr 2021 05:15:47 GMT"
2,4,3,2,5,30,80,5,15,Desktop,Chrome 89,n/a,Windows 10,n/a,308161760,"Mon, 12 Apr 2021 05:16:16 GMT"
4,4,1,1,7,30,80,15,5,Desktop,Chrome 89,n/a,Windows 10,n/a,308161760,"Mon, 12 Apr 2021 05:22:00 GMT"
4,4,1,1,16,60,80,15,5,Desktop,Chrome 89,n/a,Windows 10,n/a,308161760,"Mon, 12 Apr 2021 05:22:59 GMT"
3,4,2,3,0,30,80,0,0,Desktop,Chrome 89,n/a,Windows 10,n/a,308161760,"Mon, 12 Apr 2021 05:23:48 GMT"
4,4,3,3,3,30,80,5,0,Desktop,Chrome 89,n/a,Windows 10,n/a,308161760,"Mon, 12 Apr 2021 05:24:20 GMT"
4,4,4,4,10,60,80,0,5,Desktop,Chrome 89,n/a,Windows 10,n/a,308161760,"Mon, 12 Apr 2021 05:24:57 GMT"
4,4,4,4,13,60,80,5,5,Desktop,Chrome 89,n/a,Windows 10,n/a,308161760,"Mon, 12 Apr 2021 05:25:41 GMT"
1,4,3,1,5,30,80,5,15,Desktop,Chrome 89,n/a,Windows 10,n/a,2051004763,"Mon, 12 Apr 2021 06:11:39 GMT"
3,4,3,3,1,30,80,0,5,Desktop,Chrome 89,n/a,Windows 10,n/a,2051004763,"Mon, 12 Apr 2021 06:12:34 GMT"
5,4,5,5,9,60,80,0,0,Desktop,Chrome 89,n/a,Windows 10,n/a,2051004763,"Mon, 12 Apr 2021 06:13:14 GMT"
4,4,1,1,15,60,80,15,0,Desktop,Chrome 89,n/a,Windows 10,n/a,2051004763,"Mon, 12 Apr 2021 06:13:51 GMT"
4,4,2,3,3,30,80,5,0,Desktop,Chrome 89,n/a,Windows 10,n/a,2051004763,"Mon, 12 Apr 2021 06:14:52 GMT"
5,4,4,5,0,30,80,0,0,Desktop,Chrome 89,n/a,Windows 10,n/a,2051004763,"Mon, 12 Apr 2021 06:15:37 GMT"
3,4,5,5,18,30,40,0,0,Desktop,Chrome 89,n/a,Windows 10,n/a,2051004763,"Mon, 12 Apr 2021 06:16:11 GMT"
4,4,1,1,6,30,80,15,0,Desktop,Chrome 89,n/a,Windows 10,n/a,2051004763,"Mon, 12 Apr 2021 06:17:06 GMT"
4,4,2,3,4,30,80,5,5,Desktop,Chrome 89,n/a,Windows 10,n/a,2051004763,"Mon, 12 Apr 2021 06:17:55 GMT"
4,4,3,4,14,60,80,5,15,Desktop,Chrome 89,n/a,Windows 10,n/a,2051004763,"Mon, 12 Apr 2021 07:19:42 GMT"
1,4,1,1,8,30,80,15,15,Desktop,Chrome 89,n/a,Windows 10,n/a,2051004763,"Mon, 12 Apr 2021 07:20:12 GMT"
3,4,1,1,16,60,80,15,5,Desktop,Chrome 89,n/a,Windows 10,n/a,2051004763,"Mon, 12 Apr 2021 07:20:55 GMT"
3,4,2,2,19,30,120,0,0,Desktop,Chrome 89,n/a,Windows 10,n/a,2051004763,"Mon, 12 Apr 2021 07:21:34 GMT"
2,3,4,3,12,60,80,5,0,Desktop,Chrome 89,n/a,Windows 10,n/a,2051004763,"Mon, 12 Apr 2021 07:23:05 GMT"
1,2,2,2,2,30,80,0,15,Desktop,Chrome 89,n/a,Windows 10,n/a,2051004763,"Mon, 12 Apr 2021 07:23:58 GMT"
4,4,5,5,11,60,80,0,15,Desktop,Chrome 89,n/a,Windows 10,n/a,2051004763,"Mon, 12 Apr 2021 07:24:58 GMT"
5,4,1,1,7,30,80,15,5,Desktop,Chrome 89,n/a,Windows 10,n/a,2051004763,"Mon, 12 Apr 2021 07:25:29 GMT"
2,3,1,1,13,60,80,5,5,Desktop,Chrome 89,n/a,Windows 10,n/a,2051004763,"Mon, 12 Apr 2021 07:26:10 GMT"
2,3,1,1,17,60,80,15,15,Desktop,Chrome 89,n/a,Windows 10,n/a,2051004763,"Mon, 12 Apr 2021 07:26:57 GMT"
4,4,3,3,10,60,80,0,5,Desktop,Chrome 89,n/a,Windows 10,n/a,2051004763,"Mon, 12 Apr 2021 07:29:57 GMT"
2,4,1,3,7,30,80,15,5,Desktop,Chrome 87,n/a,Linux -,n/a,2114906104,"Mon, 12 Apr 2021 20:43:52 GMT"
4,4,4,4,8,30,80,15,15,Desktop,Chrome 89,n/a,Windows 10,n/a,1562367890,"Mon, 12 Apr 2021 20:47:53 GMT"
2,4,2,3,12,60,80,5,0,Desktop,Firefox 87,n/a,Linux -,n/a,1836932755,"Mon, 12 Apr 2021 21:52:26 GMT"
2,3,1,2,0,30,80,0,0,Desktop,Firefox 87,n/a,Linux -,n/a,471210987,"Mon, 12 Apr 2021 22:30:03 GMT"
4,5,4,4,2,30,80,0,15,Desktop,Chrome 89,n/a,Windows 10,n/a,1060397373,"Mon, 12 Apr 2021 23:31:30 GMT"
3,4,4,4,17,60,80,15,15,Desktop,Chrome 89,n/a,Windows 10,n/a,1060397373,"Mon, 12 Apr 2021 23:33:45 GMT"
4,4,4,4,18,30,40,0,0,Desktop,Chrome 89,n/a,Windows 10,n/a,1060397373,"Mon, 12 Apr 2021 23:35:11 GMT"
4,5,4,4,15,60,80,15,0,Desktop,Chrome 89,n/a,Windows 10,n/a,1060397373,"Mon, 12 Apr 2021 23:36:16 GMT"
5,5,5,5,10,60,80,0,5,Desktop,Chrome 89,n/a,Windows 10,n/a,1060397373,"Mon, 12 Apr 2021 23:37:51 GMT"
1,4,1,2,7,30,80,15,5,Desktop,Chrome 89,n/a,Windows 10,n/a,920548903,"Mon, 12 Apr 2021 23:40:18 GMT"
1,4,1,2,3,30,80,5,0,Desktop,Chrome 89,n/a,Windows 10,n/a,920548903,"Mon, 12 Apr 2021 23:42:24 GMT"
3,4,5,4,0,30,80,0,0,Desktop,Chrome 89,n/a,Windows 10,n/a,1212083438,"Tue, 13 Apr 2021 03:42:58 GMT"
2,4,5,4,2,30,80,0,15,Desktop,Chrome 89,n/a,Windows 10,n/a,1212083438,"Tue, 13 Apr 2021 03:44:21 GMT"
4,4,4,3,16,60,80,15,5,Desktop,Chrome 89,n/a,Windows 10,n/a,1212083438,"Tue, 13 Apr 2021 03:46:35 GMT"
4,4,4,4,10,60,80,0,5,Desktop,Chrome 89,n/a,Windows 10,n/a,1212083438,"Tue, 13 Apr 2021 03:47:49 GMT"
2,3,3,2,8,30,80,15,15,Desktop,Chrome 89,n/a,Windows 10,n/a,1212083438,"Tue, 13 Apr 2021 03:49:32 GMT"
4,4,4,4,17,60,80,15,15,Desktop,Chrome 89,n/a,Windows 10,n/a,1212083438,"Tue, 13 Apr 2021 03:50:50 GMT"
4,4,2,4,6,30,80,15,0,Desktop,Chrome 89,n/a,Windows 10,n/a,1212083438,"Tue, 13 Apr 2021 03:52:15 GMT"
4,5,4,5,16,60,80,15,5,Desktop,Chrome 89,n/a,Mac OS X 10_2_3,n/a,358654384,"Tue, 13 Apr 2021 04:39:45 GMT"
5,5,5,5,11,60,80,0,15,Desktop,Chrome 89,n/a,Mac OS X 10_2_3,n/a,358654384,"Tue, 13 Apr 2021 04:41:44 GMT"
5,5,5,5,14,60,80,5,15,Desktop,Chrome 89,n/a,Mac OS X 10_2_3,n/a,358654384,"Tue, 13 Apr 2021 04:43:19 GMT"
5,5,5,5,12,60,80,5,0,Desktop,Chrome 89,n/a,Mac OS X 10_2_3,n/a,358654384,"Tue, 13 Apr 2021 04:44:35 GMT"
4,4,4,4,5,30,80,5,15,Desktop,Chrome 89,n/a,Mac OS X 10_15_5,n/a,571513609,"Tue, 13 Apr 2021 04:45:23 GMT"
2,2,2,3,12,60,80,5,0,Desktop,Chrome 89,n/a,Mac OS X 10_15_5,n/a,571513609,"Tue, 13 Apr 2021 04:46:31 GMT"
4,5,3,4,7,30,80,15,5,Desktop,Chrome 89,n/a,Mac OS X 10_2_3,n/a,358654384,"Tue, 13 Apr 2021 04:47:20 GMT"
2,2,1,2,14,60,80,5,15,Desktop,Chrome 89,n/a,Mac OS X 10_15_5,n/a,571513609,"Tue, 13 Apr 2021 04:48:22 GMT"
4,5,4,5,19,30,120,0,0,Desktop,Chrome 89,n/a,Mac OS X 10_2_3,n/a,358654384,"Tue, 13 Apr 2021 04:48:42 GMT"
5,5,5,5,3,30,80,5,0,Desktop,Chrome 89,n/a,Mac OS X 10_2_3,n/a,358654384,"Tue, 13 Apr 2021 04:49:55 GMT"
2,2,2,1,2,30,80,0,15,Desktop,Chrome 89,n/a,Mac OS X 10_15_5,n/a,571513609,"Tue, 13 Apr 2021 04:50:45 GMT"
2,3,3,3,1,30,80,0,5,Desktop,Chrome 89,n/a,Mac OS X 10_15_5,n/a,571513609,"Tue, 13 Apr 2021 04:52:15 GMT"
4,4,3,4,13,60,80,5,5,Desktop,Chrome 89,n/a,Mac OS X 10_2_3,n/a,1181363738,"Tue, 13 Apr 2021 04:52:20 GMT"
3,3,2,2,9,60,80,0,0,Desktop,Chrome 89,n/a,Mac OS X 10_15_5,n/a,571513609,"Tue, 13 Apr 2021 04:53:43 GMT"
4,5,4,5,11,60,80,0,15,Desktop,Chrome 89,n/a,Mac OS X 10_2_3,n/a,1181363738,"Tue, 13 Apr 2021 04:54:38 GMT"
3,2,2,2,4,30,80,5,5,Desktop,Chrome 89,n/a,Mac OS X 10_15_5,n/a,571513609,"Tue, 13 Apr 2021 04:55:00 GMT"
1,1,1,1,3,30,80,5,0,Desktop,Chrome 89,n/a,Mac OS X 10_15_5,n/a,571513609,"Tue, 13 Apr 2021 04:55:49 GMT"
4,4,4,4,15,60,80,15,0,Desktop,Chrome 89,n/a,Mac OS X 10_2_3,n/a,1181363738,"Tue, 13 Apr 2021 04:56:17 GMT"
4,5,4,5,4,30,80,5,5,Desktop,Chrome 89,n/a,Mac OS X 10_2_3,n/a,1181363738,"Tue, 13 Apr 2021 04:58:00 GMT"
1,2,1,2,6,30,80,15,0,Desktop,Chrome 89,n/a,Mac OS X 10_15_5,n/a,571513609,"Tue, 13 Apr 2021 04:58:30 GMT"
4,5,4,5,5,30,80,5,15,Desktop,Chrome 89,n/a,Mac OS X 10_2_3,n/a,1181363738,"Tue, 13 Apr 2021 04:59:20 GMT"
4,4,4,4,9,60,80,0,0,Desktop,Chrome 89,n/a,Mac OS X 10_2_3,n/a,1181363738,"Tue, 13 Apr 2021 05:00:53 GMT"
1,2,1,2,16,60,80,15,5,Desktop,Chrome 89,n/a,Mac OS X 10_15_5,n/a,571513609,"Tue, 13 Apr 2021 05:02:03 GMT"
5,4,4,5,3,30,80,5,0,Desktop,Chrome 89,n/a,Mac OS X 10_2_3,n/a,1181363738,"Tue, 13 Apr 2021 05:02:09 GMT"
5,5,4,5,10,60,80,0,5,Desktop,Chrome 89,n/a,Mac OS X 10_2_3,n/a,1181363738,"Tue, 13 Apr 2021 05:03:28 GMT"
4,4,3,4,16,60,80,15,5,Desktop,Chrome 89,n/a,Mac OS X 10_2_3,n/a,1181363738,"Tue, 13 Apr 2021 05:04:08 GMT"
1,1,1,1,15,60,80,15,0,Desktop,Chrome 89,n/a,Mac OS X 10_15_5,n/a,571513609,"Tue, 13 Apr 2021 05:04:56 GMT"
4,4,3,4,6,30,80,15,0,Desktop,Chrome 89,n/a,Mac OS X 10_2_3,n/a,1181363738,"Tue, 13 Apr 2021 05:04:59 GMT"
1,5,5,5,2,30,80,0,15,Desktop,Chrome 89,n/a,Mac OS X 10_15_7,n/a,1541098917,"Thu, 15 Apr 2021 00:43:51 GMT"
5,5,5,5,10,60,80,0,5,Desktop,Chrome 90,n/a,Windows 10,n/a,1983765365,"Sat, 17 Apr 2021 02:08:27 GMT"
2,4,2,3,5,30,80,5,15,Desktop,Chrome 89,n/a,Windows 10,n/a,87517352,"Sat, 17 Apr 2021 02:44:23 GMT"
3,4,4,4,2,30,80,0,15,Desktop,Firefox 87,n/a,Linux -,n/a,470908372,"Sat, 17 Apr 2021 05:00:14 GMT"
4,4,4,4,4,30,80,5,5,Desktop,Firefox 87,n/a,Linux -,n/a,470908372,"Sat, 17 Apr 2021 05:03:05 GMT"
5,5,5,5,8,30,80,15,15,Desktop,Chrome 89,n/a,Windows 10,n/a,1636269464,"Sat, 17 Apr 2021 10:47:29 GMT"
4,4,4,4,9,60,80,0,0,Desktop,Chrome 90,n/a,Windows 10,n/a,1586742732,"Mon, 19 Apr 2021 00:47:16 GMT"
4,5,4,4,1,30,80,0,5,Desktop,Chrome 89,n/a,Windows 10,n/a,1502935347,"Mon, 19 Apr 2021 04:10:20 GMT"
3,4,3,3,9,60,80,0,0,Desktop,Chrome 89,n/a,Windows 10,n/a,1502935347,"Mon, 19 Apr 2021 04:11:48 GMT"
3,4,2,3,2,30,80,0,15,Desktop,Chrome 90,n/a,Windows 10,n/a,1424451204,"Mon, 19 Apr 2021 06:18:48 GMT"
4,4,4,4,19,30,120,0,0,Desktop,Chrome 90,n/a,Windows 10,n/a,1424451204,"Mon, 19 Apr 2021 06:19:20 GMT"
2,4,3,3,5,30,80,5,15,Desktop,Chrome 90,n/a,Windows 10,n/a,1424451204,"Mon, 19 Apr 2021 06:19:47 GMT"
3,4,3,3,0,30,80,0,0,Desktop,Chrome 90,n/a,Windows 10,n/a,1424451204,"Mon, 19 Apr 2021 06:20:33 GMT"
3,4,2,3,14,60,80,5,15,Desktop,Chrome 90,n/a,Windows 10,n/a,1424451204,"Mon, 19 Apr 2021 06:21:01 GMT"
3,4,4,4,13,60,80,5,5,Desktop,Chrome 90,n/a,Windows 10,n/a,1424451204,"Mon, 19 Apr 2021 06:21:28 GMT"
3,3,3,3,7,30,80,15,5,Desktop,Chrome 90,n/a,Windows 10,n/a,1424451204,"Mon, 19 Apr 2021 06:22:06 GMT"
2,4,2,2,15,60,80,15,0,Desktop,Chrome 90,n/a,Windows 10,n/a,1424451204,"Mon, 19 Apr 2021 06:22:39 GMT"
3,3,3,3,4,30,80,5,5,Desktop,Chrome 90,n/a,Windows 10,n/a,1424451204,"Mon, 19 Apr 2021 06:23:05 GMT"
4,4,2,2,16,60,80,15,5,Desktop,Chrome 90,n/a,Windows 10,n/a,1424451204,"Mon, 19 Apr 2021 06:23:29 GMT"
3,4,3,3,12,60,80,5,0,Desktop,Chrome 90,n/a,Windows 10,n/a,1424451204,"Mon, 19 Apr 2021 06:23:53 GMT"
4,4,4,4,10,60,80,0,5,Desktop,Chrome 90,n/a,Windows 10,n/a,1424451204,"Mon, 19 Apr 2021 06:24:17 GMT"
4,4,4,4,11,60,80,0,15,Desktop,Chrome 90,n/a,Windows 10,n/a,1424451204,"Mon, 19 Apr 2021 06:24:44 GMT"
1,4,4,4,18,30,40,0,0,Desktop,Chrome 90,n/a,Windows 10,n/a,1424451204,"Mon, 19 Apr 2021 06:25:07 GMT"
2,3,2,2,17,60,80,15,15,Desktop,Chrome 90,n/a,Windows 10,n/a,1424451204,"Mon, 19 Apr 2021 06:25:30 GMT"
2,4,4,3,3,30,80,5,0,Desktop,Chrome 90,n/a,Windows 10,n/a,1424451204,"Mon, 19 Apr 2021 06:26:01 GMT"
3,4,2,3,1,30,80,0,5,Desktop,Chrome 90,n/a,Windows 10,n/a,1424451204,"Mon, 19 Apr 2021 06:26:30 GMT"
3,4,4,3,9,60,80,0,0,Desktop,Chrome 90,n/a,Windows 10,n/a,1424451204,"Mon, 19 Apr 2021 06:26:54 GMT"
1,3,2,1,8,30,80,15,15,Desktop,Chrome 90,n/a,Windows 10,n/a,1424451204,"Mon, 19 Apr 2021 06:27:20 GMT"
3,3,1,2,6,30,80,15,0,Desktop,Chrome 90,n/a,Windows 10,n/a,1424451204,"Mon, 19 Apr 2021 06:27:45 GMT"
1,1,1,1,18,30,40,0,0,Desktop,Firefox 87,n/a,Windows 10,n/a,1705341578,"Mon, 19 Apr 2021 08:18:45 GMT"
1,1,1,1,16,60,80,15,5,Desktop,Firefox 87,n/a,Windows 10,n/a,1705341578,"Mon, 19 Apr 2021 08:19:26 GMT"
3,5,3,4,19,30,120,0,0,Desktop,Chrome 89,n/a,Windows 10,n/a,2083448054,"Mon, 19 Apr 2021 08:19:55 GMT"
1,1,1,1,17,60,80,15,15,Desktop,Firefox 87,n/a,Windows 10,n/a,1705341578,"Mon, 19 Apr 2021 08:20:00 GMT"
1,1,1,1,6,30,80,15,0,Desktop,Firefox 87,n/a,Windows 10,n/a,1705341578,"Mon, 19 Apr 2021 08:20:52 GMT"
1,1,1,1,12,60,80,5,0,Desktop,Firefox 87,n/a,Windows 10,n/a,1705341578,"Mon, 19 Apr 2021 08:21:42 GMT"
3,5,4,4,0,30,80,0,0,Desktop,Chrome 89,n/a,Windows 10,n/a,2083448054,"Mon, 19 Apr 2021 08:22:05 GMT"
1,1,1,1,9,60,80,0,0,Desktop,Firefox 87,n/a,Windows 10,n/a,1705341578,"Mon, 19 Apr 2021 08:23:24 GMT"
1,1,1,1,3,30,80,5,0,Desktop,Firefox 87,n/a,Windows 10,n/a,1705341578,"Mon, 19 Apr 2021 08:25:05 GMT"
1,5,2,2,16,60,80,15,5,Desktop,Chrome 89,n/a,Windows 10,n/a,2083448054,"Mon, 19 Apr 2021 08:25:14 GMT"
2,2,3,3,8,30,80,15,15,Desktop,Chrome 89,n/a,Windows 10,n/a,2083448054,"Mon, 19 Apr 2021 08:26:03 GMT"
1,1,1,1,19,30,120,0,0,Desktop,Firefox 87,n/a,Windows 10,n/a,1705341578,"Mon, 19 Apr 2021 08:26:22 GMT"
1,1,1,1,0,30,80,0,0,Desktop,Firefox 87,n/a,Windows 10,n/a,1705341578,"Mon, 19 Apr 2021 08:28:27 GMT"
1,1,1,1,13,60,80,5,5,Desktop,Firefox 87,n/a,Windows 10,n/a,1705341578,"Mon, 19 Apr 2021 08:28:56 GMT"
1,1,1,1,4,30,80,5,5,Desktop,Firefox 87,n/a,Windows 10,n/a,1705341578,"Mon, 19 Apr 2021 08:30:10 GMT"
1,1,1,1,5,30,80,5,15,Desktop,Firefox 87,n/a,Windows 10,n/a,1705341578,"Mon, 19 Apr 2021 08:31:27 GMT"
1,1,1,1,11,60,80,0,15,Desktop,Firefox 87,n/a,Windows 10,n/a,1705341578,"Mon, 19 Apr 2021 08:32:49 GMT"
1,1,1,1,10,60,80,0,5,Desktop,Firefox 87,n/a,Windows 10,n/a,1705341578,"Mon, 19 Apr 2021 08:34:05 GMT"
1,1,1,1,7,30,80,15,5,Desktop,Firefox 87,n/a,Windows 10,n/a,1705341578,"Mon, 19 Apr 2021 08:35:28 GMT"
1,1,1,1,15,60,80,15,0,Desktop,Firefox 87,n/a,Windows 10,n/a,1705341578,"Mon, 19 Apr 2021 08:36:45 GMT"
1,1,1,1,8,30,80,15,15,Desktop,Firefox 87,n/a,Windows 10,n/a,1705341578,"Mon, 19 Apr 2021 08:38:04 GMT"
1,1,1,1,2,30,80,0,15,Desktop,Firefox 87,n/a,Windows 10,n/a,1705341578,"Mon, 19 Apr 2021 08:39:23 GMT"
1,1,2,1,14,60,80,5,15,Desktop,Firefox 87,n/a,Windows 10,n/a,1705341578,"Mon, 19 Apr 2021 08:40:46 GMT"
1,1,2,1,1,30,80,0,5,Desktop,Firefox 87,n/a,Windows 10,n/a,1705341578,"Mon, 19 Apr 2021 08:42:08 GMT"
3,4,3,4,2,30,80,0,15,Desktop,Chrome 89,n/a,Windows 10,n/a,1950890985,"Mon, 19 Apr 2021 18:29:28 GMT"
1,3,2,2,14,60,80,5,15,Desktop,Chrome 89,n/a,Windows 10,n/a,1950890985,"Mon, 19 Apr 2021 18:30:28 GMT"
2,3,4,3,10,60,80,0,5,Desktop,Chrome 89,n/a,Windows 10,n/a,1950890985,"Mon, 19 Apr 2021 18:32:04 GMT"
1,3,1,1,13,60,80,5,5,Desktop,Chrome 89,n/a,Windows 10,n/a,1950890985,"Mon, 19 Apr 2021 18:33:17 GMT"
1,1,1,1,6,30,80,15,0,Desktop,Chrome 89,n/a,Windows 10,n/a,1950890985,"Mon, 19 Apr 2021 18:34:19 GMT"
3,3,1,2,17,60,80,15,15,Desktop,Chrome 89,n/a,Windows 10,n/a,1950890985,"Mon, 19 Apr 2021 18:36:05 GMT"
1,3,1,1,11,60,80,0,15,Desktop,Chrome 89,n/a,Windows 10,n/a,1950890985,"Mon, 19 Apr 2021 18:37:04 GMT"
1,3,3,1,1,30,80,0,5,Desktop,Chrome 89,n/a,Windows 10,n/a,1950890985,"Mon, 19 Apr 2021 18:38:11 GMT"
2,3,1,1,15,60,80,15,0,Desktop,Chrome 89,n/a,Windows 10,n/a,1950890985,"Mon, 19 Apr 2021 18:40:44 GMT"
4,4,3,4,4,30,80,5,5,Desktop,Chrome 89,n/a,Windows 10,n/a,1889129621,"Wed, 21 Apr 2021 17:36:05 GMT"